batch_id,source_assignment_sha256,input_sha256,output_sha256,output_path,row_count,first_candidate_key,last_candidate_key,ordered_keyset_sha256,reader,scope,status
TASK6-REPAIR-001,8c26280c234e76fa35964ef613f7c498e7a829f06ab2f2af76f1dc1b52749f16,5951b90655030cf21e5eb8ca5be3cceeb3eebf6864ed5d7fe791f40423cf9e7f,f57f7a567e3b029f6d227f1cac3cf9e9740e86c38c344585eb856dfd8d570400,01_search/search_logs/2026-07-20-broad-discovery/wave_03_lineage_resolution/semantic_repair_reader_results/batch_001.json,100,PMID:30601823,PMID:38361864,9ac17a16a408938099046749cc7a7b70f8f2c1ab631419dcfed260e6dc7f69f9,task6-semantic-repair-reader-20260722,row-level relationship and lineage source-role semantic decision,adopted_after_exact_schema_and_key_validation
TASK6-REPAIR-002,8c26280c234e76fa35964ef613f7c498e7a829f06ab2f2af76f1dc1b52749f16,062827257debf28dc5e86ee1afee0ba70491ecbcec7c05ff3612ffc41bb63300,25774c34166671cdf7ae5df7af2fee61a8544bfd5ca90a31f5652f20d53ec9d2,01_search/search_logs/2026-07-20-broad-discovery/wave_03_lineage_resolution/semantic_repair_reader_results/batch_002.json,100,PMID:38395538,PMID:32502123,cedf88fc4b578ac0d2fd838a2c99fc10b3d371dc68b94a632f8122932c2d98c1,task6-semantic-repair-reader-20260722,row-level relationship and lineage source-role semantic decision,adopted_after_exact_schema_and_key_validation
TASK6-REPAIR-003,8c26280c234e76fa35964ef613f7c498e7a829f06ab2f2af76f1dc1b52749f16,985f7309278dcf3c851c84550e475302467d7c51ceae8bff5f2e88187acb2fe8,1dd990df7dc54662141d35085832ef0f4fac7840397331c48c8a284c81adb7b1,01_search/search_logs/2026-07-20-broad-discovery/wave_03_lineage_resolution/semantic_repair_reader_results/batch_003.json,100,PMID:32727905,PMID:24143815,9f46224775265cb21d288beb0678b5ee6999d40ab6ef78c7b8343406821f9f76,task6-semantic-repair-reader-20260722,row-level relationship and lineage source-role semantic decision,adopted_after_exact_schema_and_key_validation
TASK6-REPAIR-004,8c26280c234e76fa35964ef613f7c498e7a829f06ab2f2af76f1dc1b52749f16,80a71efd0f3575d1cf0b59c954083d4cd6c84604524561bc0c7950742c05f2b8,216ee8dd4fc686f556abc39ebdedb3add0eb138a03b336f3dd24348b53c42783,01_search/search_logs/2026-07-20-broad-discovery/wave_03_lineage_resolution/semantic_repair_reader_results/batch_004.json,100,PMID:24244390,PMID:33549166,c22df9da0e999c0d57f89082c0f43af49cdb56603a19f2439ee2568320ee096c,task6-semantic-repair-reader-20260722,row-level relationship and lineage source-role semantic decision,adopted_after_exact_schema_and_key_validation
TASK6-REPAIR-005,8c26280c234e76fa35964ef613f7c498e7a829f06ab2f2af76f1dc1b52749f16,0342a0cf42e1e61fe0ce6d90354c49f27345314394a5fe68f02a4eca7fb01553,42bd04b6866ac307050cbe982978e5c59650ab018daa7eff96b735feb6073189,01_search/search_logs/2026-07-20-broad-discovery/wave_03_lineage_resolution/semantic_repair_reader_results/batch_005.json,100,PMID:33575744,PMID:36764719,3304d05c5faba0e87b52864fa6d6e93f691faedaf7e15ef3482160d947f0a5a6,task6-semantic-repair-reader-20260722,row-level relationship and lineage source-role semantic decision,adopted_after_exact_schema_and_key_validation
TASK6-REPAIR-006,8c26280c234e76fa35964ef613f7c498e7a829f06ab2f2af76f1dc1b52749f16,cf74a8dc1e73a1e2aacb7e80c2e8b4a69c84099eec6d60d0ce7db0a03ca00f18,7da52d32dfc7a49dcd9397c872796dc314ec870f403b5fc3aae7a17b96f7cf6f,01_search/search_logs/2026-07-20-broad-discovery/wave_03_lineage_resolution/semantic_repair_reader_results/batch_006.json,100,PMID:36777651,PMID:38872846,228262f86f032d41ed836d06399452148ddcab29ff11574d14a2b30a4665fbcd,task6-semantic-repair-reader-20260722,row-level relationship and lineage source-role semantic decision,adopted_after_exact_schema_and_key_validation
TASK6-REPAIR-007,8c26280c234e76fa35964ef613f7c498e7a829f06ab2f2af76f1dc1b52749f16,aea3c1c43ec1c4f0e0a11f7cd63e5bae81ca1f38239e8b00e86a1570ff168f42,5d79d2b8c8e1fe0e10bdf4a52d9c58cb9f5623ac02d260142df55dbfe4c5199e,01_search/search_logs/2026-07-20-broad-discovery/wave_03_lineage_resolution/semantic_repair_reader_results/batch_007.json,100,PMID:38923070,PMID:41174552,95c180b7726b8dbdd4f8cf074feac0e89ecd6a09f25ea655565589f0c8037faf,task6-semantic-repair-reader-20260722,row-level relationship and lineage source-role semantic decision,adopted_after_exact_schema_and_key_validation
TASK6-REPAIR-008,8c26280c234e76fa35964ef613f7c498e7a829f06ab2f2af76f1dc1b52749f16,989fbbd2e8382ba43f904b0e1f34cd8aa1bfd614deeebfc2726b2bf9e0d7526c,f92482f4930506bc855f118798b29ce95b572e675b17019b8ef2402610c463f2,01_search/search_logs/2026-07-20-broad-discovery/wave_03_lineage_resolution/semantic_repair_reader_results/batch_008.json,100,PMID:41309143,PMID:34678195,c2bcc2a854cc02a94012fc13c4f81473a7fab23e1119827f93c277d3aab88567,task6-semantic-repair-reader-20260722,row-level relationship and lineage source-role semantic decision,adopted_after_exact_schema_and_key_validation
TASK6-REPAIR-009,8c26280c234e76fa35964ef613f7c498e7a829f06ab2f2af76f1dc1b52749f16,09796ffc70339acc2222a83f981b8027a3e9eb2baf8b1d00bfa4a3a10be5d16a,33b70610daae9fa594c7508677bc0bbad255803e5dc74f63bd8e14369dac50d6,01_search/search_logs/2026-07-20-broad-discovery/wave_03_lineage_resolution/semantic_repair_reader_results/batch_009.json,100,PMID:35384900,PMID:25612062,dcf0baeed448076c7e5f9cb969e027b3b03fe559d19161fcd907db72bc6cd945,task6-semantic-repair-reader-20260722,row-level relationship and lineage source-role semantic decision,adopted_after_exact_schema_and_key_validation
TASK6-REPAIR-010,8c26280c234e76fa35964ef613f7c498e7a829f06ab2f2af76f1dc1b52749f16,fb093e62c45b03c060c7f115c5deacc01e9e716c32f96c1489a91dca29a6800d,305f2f9815ac93dce9f2fc4bcad531e59b8ae1f1cf73956ac8f8a0a3eb2d1601,01_search/search_logs/2026-07-20-broad-discovery/wave_03_lineage_resolution/semantic_repair_reader_results/batch_010.json,100,PMID:25919167,PMID:20394710,6cbbc108d28e8876552ee308afedc977f2a3abc10be13c7ff97fcf041957dbc2,task6-semantic-repair-reader-20260722,row-level relationship and lineage source-role semantic decision,adopted_after_exact_schema_and_key_validation
TASK6-REPAIR-011,8c26280c234e76fa35964ef613f7c498e7a829f06ab2f2af76f1dc1b52749f16,b4b9dd2da9ff417c8276a3877e43704b67290923ea179909be5da5177c6f048e,1431dfe1ccc2b163f4c81698781612293b7cd645dc48e78fd48010ff8ccbf3c9,01_search/search_logs/2026-07-20-broad-discovery/wave_03_lineage_resolution/semantic_repair_reader_results/batch_011.json,100,PMID:21067976,PMID:37573202,98f496b09b8fd59f708df61f0d6145797658c41aa850759d4c2bff74a46d3d2c,task6-semantic-repair-reader-20260722,row-level relationship and lineage source-role semantic decision,adopted_after_exact_schema_and_key_validation
TASK6-REPAIR-012,8c26280c234e76fa35964ef613f7c498e7a829f06ab2f2af76f1dc1b52749f16,1236b6e44a34bbd0483a3458082064dcb46876ce250842745a9458bd4e87dd3d,c3c8a25561b946af67ef470aedb701365f6b4422db100fb3870bc7156fafcdab,01_search/search_logs/2026-07-20-broad-discovery/wave_03_lineage_resolution/semantic_repair_reader_results/batch_012.json,100,PMID:37753272,PMID:42326787,3f79aa49e6080c82b1b7c2f0ae860aabd0cdf9a8b03d0fe9a4dd80d848a00f35,task6-semantic-repair-reader-20260722,row-level relationship and lineage source-role semantic decision,adopted_after_exact_schema_and_key_validation
TASK6-REPAIR-013,8c26280c234e76fa35964ef613f7c498e7a829f06ab2f2af76f1dc1b52749f16,4858611199f2d063c3f661388f8b2ce9f2661720d18154d796c93c5829d21051,4d0f43ae1fa2bd9b89ca23047b650d1848a5c9df08cc91f1aaf8a767f0736e11,01_search/search_logs/2026-07-20-broad-discovery/wave_03_lineage_resolution/semantic_repair_reader_results/batch_013.json,100,PMID:42350043,PMID:37360780,bad8bf33cc75a43062e9cc1f8bf2f698144b96a0a5ddf0b1e5f7fef4a70585bf,task6-semantic-repair-reader-20260722,row-level relationship and lineage source-role semantic decision,adopted_after_exact_schema_and_key_validation
TASK6-REPAIR-014,8c26280c234e76fa35964ef613f7c498e7a829f06ab2f2af76f1dc1b52749f16,0ce6060929b8bb01c1291886c101bb9bca6822c95161d89f6f33df9d4b62b605,9a7f20cbeca045f955b3a4dd18d87dc305f1bef49fccda96308a2ece0c3b7e17,01_search/search_logs/2026-07-20-broad-discovery/wave_03_lineage_resolution/semantic_repair_reader_results/batch_014.json,100,PMID:33669985,PMID:41295579,ca8f95bb18ca811ba027341b7f2d4c14e5e556286c019de23fa1aa4f2bceacde,task6-semantic-repair-reader-20260722,row-level relationship and lineage source-role semantic decision,adopted_after_exact_schema_and_key_validation
TASK6-REPAIR-015,8c26280c234e76fa35964ef613f7c498e7a829f06ab2f2af76f1dc1b52749f16,b28d741491c32b7080b04c11731058b552ab37d3a76c05b3f4e7a2253a6ba4d2,7c08d54481cb8fdaaa6622f9f1306478f69d6497ca4fe2dbd3d7632b79c14566,01_search/search_logs/2026-07-20-broad-discovery/wave_03_lineage_resolution/semantic_repair_reader_results/batch_015.json,100,PMID:41316031,PMID:32155235,b448b6998f6946c950e705d9c1ef2378354dddf789005f42076b688547e4c572,task6-semantic-repair-reader-20260722,row-level relationship and lineage source-role semantic decision,adopted_after_exact_schema_and_key_validation
TASK6-REPAIR-016,8c26280c234e76fa35964ef613f7c498e7a829f06ab2f2af76f1dc1b52749f16,36897ccca0902c398a6ff7930b8ed307cf0eae3ef9f8b33dcf896da2a270bebb,deb835b934c52bc32df000ff3e90170c6e13d566580f381211b24001a6ad5388,01_search/search_logs/2026-07-20-broad-discovery/wave_03_lineage_resolution/semantic_repair_reader_results/batch_016.json,100,PMID:32161946,PMID:33758578,4c394f67890dd37ad9173c7a796d0585a7e8d2db0f4743fc52ef6995ff7751b1,task6-semantic-repair-reader-20260722,row-level relationship and lineage source-role semantic decision,adopted_after_exact_schema_and_key_validation
TASK6-REPAIR-017,8c26280c234e76fa35964ef613f7c498e7a829f06ab2f2af76f1dc1b52749f16,46ece3e7713ce066e09371085c94cb2f420d1b701b6193958e93088b80f39617,0d5ddb0a5100e34dda1ee6f57dc4ec087061ae7139e235e7fb912e7cc17084f6,01_search/search_logs/2026-07-20-broad-discovery/wave_03_lineage_resolution/semantic_repair_reader_results/batch_017.json,100,PMID:33777694,PMID:30184114,4f38b8a1cdee0215353b8c3043c2f248a0f0d8cdd913b4db1339d44e5c737df0,task6-semantic-repair-reader-20260722,row-level relationship and lineage source-role semantic decision,adopted_after_exact_schema_and_key_validation
TASK6-REPAIR-018,8c26280c234e76fa35964ef613f7c498e7a829f06ab2f2af76f1dc1b52749f16,4ebc768c6264d37785487115ec6fdad8b99676f1fbdc62b5a3ef2c0e8febfb80,7551ee4f2e7903ce02ea97deb6e948a9f74d2853b0c930cdab2307446cdc6399,01_search/search_logs/2026-07-20-broad-discovery/wave_03_lineage_resolution/semantic_repair_reader_results/batch_018.json,100,PMID:30200946,PMID:35186242,80bcbd20f8e8973f34cada1f8a3b17b1eaf470930bb74db4971410c6c99aec4a,task6-semantic-repair-reader-20260722,row-level relationship and lineage source-role semantic decision,adopted_after_exact_schema_and_key_validation
TASK6-REPAIR-019,8c26280c234e76fa35964ef613f7c498e7a829f06ab2f2af76f1dc1b52749f16,3ff149635fa3052c72e4fba572fab14b2809b0a88affea03d448af31241849ed,3e96c7c23d4e0bc7c83139cacca33551097d3aac5a308902e5c32661363b889d,01_search/search_logs/2026-07-20-broad-discovery/wave_03_lineage_resolution/semantic_repair_reader_results/batch_019.json,100,PMID:35195516,PMID:38982659,3d21f3eacab8d61a5876bcdd8142729bbdf6ed2fa5e5a2d453d43997f29adb16,task6-semantic-repair-reader-20260722,row-level relationship and lineage source-role semantic decision,adopted_after_exact_schema_and_key_validation
TASK6-REPAIR-020,8c26280c234e76fa35964ef613f7c498e7a829f06ab2f2af76f1dc1b52749f16,7271846cbfa29064a3cb610fa33af9877b73921f7bdc7e646e5bcd756dc3fe57,0b05c94d183c26632ba18e9476c0064c962fc6f9f9329f46e3c5893c90bd7e70,01_search/search_logs/2026-07-20-broad-discovery/wave_03_lineage_resolution/semantic_repair_reader_results/batch_020.json,100,PMID:39012098,PMID:42198771,01908a3ce70c3bf2023a45942f57d4d3ddc83bdb21ba969158874f95d3508358,task6-semantic-repair-reader-20260722,row-level relationship and lineage source-role semantic decision,adopted_after_exact_schema_and_key_validation
TASK6-REPAIR-021,8c26280c234e76fa35964ef613f7c498e7a829f06ab2f2af76f1dc1b52749f16,95355bf09ab734af23bffdceffae2543cce597dd349815c26226768b70cb5d53,48b0038516925588e7d6682ac981e1e920bd8fc4c483e4a011b7fd283b4e6fbe,01_search/search_logs/2026-07-20-broad-discovery/wave_03_lineage_resolution/semantic_repair_reader_results/batch_021.json,100,PMID:42205572,PMID:38597488,4d667d1a8a33c31081cb582343d85990661bc26ef0910690a5d4f63822fcf9d5,task6-semantic-repair-reader-20260722,row-level relationship and lineage source-role semantic decision,adopted_after_exact_schema_and_key_validation
TASK6-REPAIR-022,8c26280c234e76fa35964ef613f7c498e7a829f06ab2f2af76f1dc1b52749f16,f030dae9fd679d3572c482b2152053848b20f3e131399b12f2ae9775f76d7019,b05c943ee018b37d391b8f44331885056a83ea684eeb48a98c6b1b69a0199ae8,01_search/search_logs/2026-07-20-broad-discovery/wave_03_lineage_resolution/semantic_repair_reader_results/batch_022.json,100,PMID:28233783,PMID:33796187,ccf2612af75bcceb6b6e2d4f1223ef404fee8452500397dbce46d96e2d0e7de5,task6-semantic-repair-reader-20260722,row-level relationship and lineage source-role semantic decision,adopted_after_exact_schema_and_key_validation
TASK6-REPAIR-023,8c26280c234e76fa35964ef613f7c498e7a829f06ab2f2af76f1dc1b52749f16,eeb132902fcae956bc8aab5c314842e6a6868e4b8a261c8f1c4d6222a295289a,c201ef51f8445d2ef0b607feb23d31116e025e348551b3332293652e4bdc9626,01_search/search_logs/2026-07-20-broad-discovery/wave_03_lineage_resolution/semantic_repair_reader_results/batch_023.json,100,PMID:36996096,PMID:42366951,55c2f0d160e2bd321374aef117a63eaa7f1cf18cd25d02f5896f305507238697,task6-semantic-repair-reader-20260722,row-level relationship and lineage source-role semantic decision,adopted_after_exact_schema_and_key_validation
TASK6-REPAIR-024,8c26280c234e76fa35964ef613f7c498e7a829f06ab2f2af76f1dc1b52749f16,90a03429e68e2842886bb39834bbec56ce7a1555375bd6d6b52bc06eb602dce7,08ed906c1111bf0fa31a30ef45d970ade9772bc827252a8d79d08957164a071a,01_search/search_logs/2026-07-20-broad-discovery/wave_03_lineage_resolution/semantic_repair_reader_results/batch_024.json,100,PMID:21569721,PMID:26852723,ac8d6a83d8f41f18e9dea36d2babf5c2e63d5416cf757e660ebf00dbe7c6a0b7,task6-semantic-repair-reader-20260722,row-level relationship and lineage source-role semantic decision,adopted_after_exact_schema_and_key_validation
TASK6-REPAIR-025,8c26280c234e76fa35964ef613f7c498e7a829f06ab2f2af76f1dc1b52749f16,43951086ded5e47d3e525352d09261bddf7fbd221a0f1f5582222536a0ea2dd9,11d789132460fb1f3c423b71bc9b6d4b8bee8da544f34f7ab062088eb97255aa,01_search/search_logs/2026-07-20-broad-discovery/wave_03_lineage_resolution/semantic_repair_reader_results/batch_025.json,100,PMID:27983500,PMID:31956741,53f9e09d7c407a53db8a29605160a3923bf19b5e4e5dcbd89261df38f950aff4,task6-semantic-repair-reader-20260722,row-level relationship and lineage source-role semantic decision,adopted_after_exact_schema_and_key_validation
TASK6-REPAIR-026,8c26280c234e76fa35964ef613f7c498e7a829f06ab2f2af76f1dc1b52749f16,ef827d20d459c80e2314646e80d5d78bbb04a3aca66de0471e969f36f6c0bbd3,d977f5967b95778e4a077c04095b2c42cd1552d635fbc619b042ccdf052f9c56,01_search/search_logs/2026-07-20-broad-discovery/wave_03_lineage_resolution/semantic_repair_reader_results/batch_026.json,100,PMID:32288098,PMID:41184313,dc06dbbedd8294515db39e1ea19474b125293578012f8dae51c9acf57d1a5dcd,task6-semantic-repair-reader-20260722,row-level relationship and lineage source-role semantic decision,adopted_after_exact_schema_and_key_validation
TASK6-REPAIR-027,8c26280c234e76fa35964ef613f7c498e7a829f06ab2f2af76f1dc1b52749f16,76accedf5a3774f2809928c8dc48bcd8f04ef616a2fbb0b09924970104a0a85f,f0b4555d50e5cd7574d80e3e76e787974d7090c30605b2d12074d0de23c2a5fe,01_search/search_logs/2026-07-20-broad-discovery/wave_03_lineage_resolution/semantic_repair_reader_results/batch_027.json,100,PMID:41329739,PMID:38320310,12072f17dc02b96092ccef017c9832a6c14e0b25aeeda2f5731d66c5e508c34f,task6-semantic-repair-reader-20260722,row-level relationship and lineage source-role semantic decision,adopted_after_exact_schema_and_key_validation
TASK6-REPAIR-028,8c26280c234e76fa35964ef613f7c498e7a829f06ab2f2af76f1dc1b52749f16,d7c16bfd88ee8dcddcf27b11a678a76b4654ee61936b4880a8eb99f8d19c3f0e,fbd4438898f99be7698d8221f85479f144da64f20ffeb6a350887ce729ca7dca,01_search/search_logs/2026-07-20-broad-discovery/wave_03_lineage_resolution/semantic_repair_reader_results/batch_028.json,100,PMID:38568971,PMID:25398143,b638839ec55c8f047e4e10123323002dbbd7120bf11d82cc6901c14aad5986ea,task6-semantic-repair-reader-20260722,row-level relationship and lineage source-role semantic decision,adopted_after_exact_schema_and_key_validation
TASK6-REPAIR-029,8c26280c234e76fa35964ef613f7c498e7a829f06ab2f2af76f1dc1b52749f16,c20c8d384904dd38014512c37ac0666d874a3e9497b140ab86bec6258ceed76c,92937e41589ed0058d7839640045b0a782050cac3c47de5d198b70f0cd94ea56,01_search/search_logs/2026-07-20-broad-discovery/wave_03_lineage_resolution/semantic_repair_reader_results/batch_029.json,100,PMID:25415289,PMID:29746619,f1c98e299b56ff89635a058cad773c2ee379f43fc2db6dfbc544531531e718dc,task6-semantic-repair-reader-20260722,row-level relationship and lineage source-role semantic decision,adopted_after_exact_schema_and_key_validation
TASK6-REPAIR-030,8c26280c234e76fa35964ef613f7c498e7a829f06ab2f2af76f1dc1b52749f16,6cd94fdd42a8200e02b6df1367a77d3ec9a0befdab59a13f014225186aba0061,e5a3743943ebf17cc10497b2545db285607e5e363de2f5244d966bb7202c3815,01_search/search_logs/2026-07-20-broad-discovery/wave_03_lineage_resolution/semantic_repair_reader_results/batch_030.json,100,PMID:29751022,PMID:33067584,3afdd94aae43543a6a6be9cc7beaea79795314307978d8df186553548e2354f3,task6-semantic-repair-reader-20260722,row-level relationship and lineage source-role semantic decision,adopted_after_exact_schema_and_key_validation
TASK6-REPAIR-031,8c26280c234e76fa35964ef613f7c498e7a829f06ab2f2af76f1dc1b52749f16,8b95c9368bb5407cf5b64fe745809449496560caaa14cd86e502020fe058dad2,43e22e511730fc90ad59eaff4cb28cbdfb97b75a768866871e5fd68e8a99b51e,01_search/search_logs/2026-07-20-broad-discovery/wave_03_lineage_resolution/semantic_repair_reader_results/batch_031.json,100,PMID:33103108,PMID:34716349,676b945b5e08c5cbdf009c11a028e7b38ab0fcd4b46f099673de21de15a7ada8,task6-semantic-repair-reader-20260722,row-level relationship and lineage source-role semantic decision,adopted_after_exact_schema_and_key_validation
TASK6-REPAIR-032,8c26280c234e76fa35964ef613f7c498e7a829f06ab2f2af76f1dc1b52749f16,9beb0fc73dd7371dc9d52b4920f9a85507cbbee81be7824d6ff3332a6f6e4654,e7c363d4d9c5f0cc511646daab9e812b22a248799867f11a0330e80a50aaeab9,01_search/search_logs/2026-07-20-broad-discovery/wave_03_lineage_resolution/semantic_repair_reader_results/batch_032.json,100,PMID:34717286,PMID:36731986,e9e8c8548d4f07da1b6ebfa64e93b5b37bbdfe5093ab83ddd7193ea7652e3202,task6-semantic-repair-reader-20260722,row-level relationship and lineage source-role semantic decision,adopted_after_exact_schema_and_key_validation
TASK6-REPAIR-033,8c26280c234e76fa35964ef613f7c498e7a829f06ab2f2af76f1dc1b52749f16,527cef780a24271751f4a6674f55455a53936e5789c315fbd07f54bfd132fe72,e934388fceccc1a8f8dff6f14232927f7ea613b878d8f603c5817652b9c1b56d,01_search/search_logs/2026-07-20-broad-discovery/wave_03_lineage_resolution/semantic_repair_reader_results/batch_033.json,100,PMID:36735375,PMID:39643867,fdf6cc4e156593197b066bc8d8dde35dd0dad9e14814d1437ca8b8ec1863bcd6,task6-semantic-repair-reader-20260722,row-level relationship and lineage source-role semantic decision,adopted_after_exact_schema_and_key_validation
TASK6-REPAIR-034,8c26280c234e76fa35964ef613f7c498e7a829f06ab2f2af76f1dc1b52749f16,3ed8f2c6ded33d9a0cf685acff4aa5ee1e4f05359994ea0c4a816fd709a5859a,208816450905f57bea8b84a9fd62cc2d0619a0d106b5086f9eed26b92639c2c2,01_search/search_logs/2026-07-20-broad-discovery/wave_03_lineage_resolution/semantic_repair_reader_results/batch_034.json,100,PMID:39695997,PMID:26957364,b17798561e9358d585ab79e2445f0b60a5f554caa335b2aba14243be388d0921,task6-semantic-repair-reader-20260722,row-level relationship and lineage source-role semantic decision,adopted_after_exact_schema_and_key_validation
TASK6-REPAIR-035,8c26280c234e76fa35964ef613f7c498e7a829f06ab2f2af76f1dc1b52749f16,8e8006ff83fab7d3e1914973c300b931b8938272fb59dca763e7c362ad0872c6,7fde196483fe6dc42cfda402876849fc10123a876d544a7a00d7dea0d71d1057,01_search/search_logs/2026-07-20-broad-discovery/wave_03_lineage_resolution/semantic_repair_reader_results/batch_035.json,100,PMID:27033138,PMID:29514306,ce10c85d3063f1be8991ec580439b497424231a88544c71f9f4ced8b9cb4e4e0,task6-semantic-repair-reader-20260722,row-level relationship and lineage source-role semantic decision,adopted_after_exact_schema_and_key_validation
TASK6-REPAIR-036,8c26280c234e76fa35964ef613f7c498e7a829f06ab2f2af76f1dc1b52749f16,efa12f0b6506c199bb7e8e4b9aa9ce3c4ef9024ea3d01da1a81b7e7d25f8ae90,edcd6967db1a5d9adce3e9bcc94ca2f4cae34666a771a45559a1eee0877d389b,01_search/search_logs/2026-07-20-broad-discovery/wave_03_lineage_resolution/semantic_repair_reader_results/batch_036.json,100,PMID:29527254,PMID:34233622,bc3a8264de0086cab2dd701b8d2149706907b3548ecb23fc53895b2c3f030bdf,task6-semantic-repair-reader-20260722,row-level relationship and lineage source-role semantic decision,adopted_after_exact_schema_and_key_validation
TASK6-REPAIR-037,8c26280c234e76fa35964ef613f7c498e7a829f06ab2f2af76f1dc1b52749f16,2fff8069911574375f37b53c967213bdc0be9c1df45b8bfc8f541092e7973ead,9cf6fb7d25e7c437c13ac80bbabf65408a91207d7186a8697a25bcc446f0fc97,01_search/search_logs/2026-07-20-broad-discovery/wave_03_lineage_resolution/semantic_repair_reader_results/batch_037.json,100,PMID:34901380,PMID:31933411,d6733f56a1c89e251ce7410f512990c0b54efdfd2c7f16a84532ffa6f1dcc4d7,task6-semantic-repair-reader-20260722,row-level relationship and lineage source-role semantic decision,adopted_after_exact_schema_and_key_validation
TASK6-REPAIR-038,8c26280c234e76fa35964ef613f7c498e7a829f06ab2f2af76f1dc1b52749f16,b4aed8c98ca1e53f6b35cfa0dcb0e11854d0204b599b3a0d2dfe87afdfbf9118,8e40393d5e92e83bbc0738f1b37752ca686344fe14d014b1a98c7566f5cbb903,01_search/search_logs/2026-07-20-broad-discovery/wave_03_lineage_resolution/semantic_repair_reader_results/batch_038.json,100,PMID:32756970,PMID:31073195,0af5af84c644547688a5b39bad3f7b2ae2764349c2c57f92a1e4d311809d48bd,task6-semantic-repair-reader-20260722,row-level relationship and lineage source-role semantic decision,adopted_after_exact_schema_and_key_validation
TASK6-REPAIR-039,8c26280c234e76fa35964ef613f7c498e7a829f06ab2f2af76f1dc1b52749f16,58b4cf86d33a60e4e3f7aa726580196541ba84f4d1725bb6b309cfc4b83b58f4,90da0220198ee1fb93846427d4d82c95c007048261596177dc09e79a67c20b72,01_search/search_logs/2026-07-20-broad-discovery/wave_03_lineage_resolution/semantic_repair_reader_results/batch_039.json,100,PMID:31197365,PMID:35941958,90bf536b71c60565292a3039880c0497538018877f75485ca04f7db1048cb38b,task6-semantic-repair-reader-20260722,row-level relationship and lineage source-role semantic decision,adopted_after_exact_schema_and_key_validation
TASK6-REPAIR-040,8c26280c234e76fa35964ef613f7c498e7a829f06ab2f2af76f1dc1b52749f16,fdfea14b4cf20f3b19ccbc1140b0207445b9ba690059aba39c424dc24c1dc137,f04ac86d2a86c599237208c383830f4a5919f9766125285758af856dd9e9aecd,01_search/search_logs/2026-07-20-broad-discovery/wave_03_lineage_resolution/semantic_repair_reader_results/batch_040.json,100,PMID:36324483,PMID:31711190,8b63cde69b2f894e562419d65ccc4786049f85916bc6ff9c9ea7903bb19e6f78,task6-semantic-repair-reader-20260722,row-level relationship and lineage source-role semantic decision,adopted_after_exact_schema_and_key_validation
TASK6-REPAIR-041,8c26280c234e76fa35964ef613f7c498e7a829f06ab2f2af76f1dc1b52749f16,9af7834e3e0b8872ac97422ee2cb27401d159ef06a3083a0768b0d95692b2f23,8f11bbc72ff8df8e59f24b1f865c5bb8bb3d7a7b88054d244bade58ab2848aa6,01_search/search_logs/2026-07-20-broad-discovery/wave_03_lineage_resolution/semantic_repair_reader_results/batch_041.json,100,PMID:31772058,PMID:34341020,4bd32ca4773f48db06d9bbc7c1f7122c1adab81de1165745666e168b4f38af63,task6-semantic-repair-reader-20260722,row-level relationship and lineage source-role semantic decision,adopted_after_exact_schema_and_key_validation
TASK6-REPAIR-042,8c26280c234e76fa35964ef613f7c498e7a829f06ab2f2af76f1dc1b52749f16,130bae813f2a82b31b97e26d6e2827aeb85bd2b31fe283731ce5f96bc5d86259,377597bae8ee200ef18a87eb0c3f1e2fa1da562dc7bfed69945f3747302dd54a,01_search/search_logs/2026-07-20-broad-discovery/wave_03_lineage_resolution/semantic_repair_reader_results/batch_042.json,100,PMID:34346743,PMID:36298867,b0f333460985e6e20aa729755b9ba6cd37e9ec32133d3f571a8092820a4e11d4,task6-semantic-repair-reader-20260722,row-level relationship and lineage source-role semantic decision,adopted_after_exact_schema_and_key_validation
TASK6-REPAIR-043,8c26280c234e76fa35964ef613f7c498e7a829f06ab2f2af76f1dc1b52749f16,7aeab4cacea20a45b27a9e04dab7c3a35f8eaf35e8c9a34118ab2c25daf169ec,221092bd0d971ebad5adfe78a28f1dba491009da7c630cd980f1c25e34fb955d,01_search/search_logs/2026-07-20-broad-discovery/wave_03_lineage_resolution/semantic_repair_reader_results/batch_043.json,100,PMID:36367311,PMID:38181481,b6b568083cb7ab169acfa2efdd253b5a1161c82f63bc82e419dd97ac288a8370,task6-semantic-repair-reader-20260722,row-level relationship and lineage source-role semantic decision,adopted_after_exact_schema_and_key_validation
TASK6-REPAIR-044,8c26280c234e76fa35964ef613f7c498e7a829f06ab2f2af76f1dc1b52749f16,69c6d0ac902b33b0e33d66b8ce92801924e53a637ab269d4e5f5399f66aba6ad,89386277028d3ea41e4e570f4f094b4a09e78f745bb46921828cc4d784c3808f,01_search/search_logs/2026-07-20-broad-discovery/wave_03_lineage_resolution/semantic_repair_reader_results/batch_044.json,100,PMID:38182705,PMID:39878305,8b40180814bb52f1153a46413ebd0929ed74a083a26cee4b671b4329033a6ab3,task6-semantic-repair-reader-20260722,row-level relationship and lineage source-role semantic decision,adopted_after_exact_schema_and_key_validation
TASK6-REPAIR-045,8c26280c234e76fa35964ef613f7c498e7a829f06ab2f2af76f1dc1b52749f16,d9b652c981b7b84ead256e6d05bfeeaea6d493d4a3ae7144213450d6e6952d3e,3def2b06f601100ba2f1eb662806c70aa8b76c3a21a7cb4acdc960c6bad7771d,01_search/search_logs/2026-07-20-broad-discovery/wave_03_lineage_resolution/semantic_repair_reader_results/batch_045.json,100,PMID:39898316,PMID:41420203,c72c4440f8a871cedebcd7dea2c843a49bd3be53065f9883b3503c3625a2fac9,task6-semantic-repair-reader-20260722,row-level relationship and lineage source-role semantic decision,adopted_after_exact_schema_and_key_validation
TASK6-REPAIR-046,8c26280c234e76fa35964ef613f7c498e7a829f06ab2f2af76f1dc1b52749f16,e6c9490d789aeae2e7b065c1074921457808f379eb75ec1096969272b85ab093,417580b036b34b6b29e2efd4a6b4f704af1d7de8e95741221fe45afc69e2eb9a,01_search/search_logs/2026-07-20-broad-discovery/wave_03_lineage_resolution/semantic_repair_reader_results/batch_046.json,100,PMID:41504453,PMID:22252149,0935aeef319f24d86bd393f96aebc4b2453fae92049226f3b961a6b045b0a7d6,task6-semantic-repair-reader-20260722,row-level relationship and lineage source-role semantic decision,adopted_after_exact_schema_and_key_validation
TASK6-REPAIR-047,8c26280c234e76fa35964ef613f7c498e7a829f06ab2f2af76f1dc1b52749f16,0b11d59dce1e3b8b5631aa56b5c4e7fce65be66e0fb989c8bfe8ceabbdd493c4,7596894d4f716f610a47f4ca49800b81b65f212e08f541b60cb7232b4c3031ab,01_search/search_logs/2026-07-20-broad-discovery/wave_03_lineage_resolution/semantic_repair_reader_results/batch_047.json,100,PMID:22564391,PMID:36072395,c9967bf82a27f990fa07a503783404e2d6a25cf196413a48acc7b9998a115218,task6-semantic-repair-reader-20260722,row-level relationship and lineage source-role semantic decision,adopted_after_exact_schema_and_key_validation
TASK6-REPAIR-048,8c26280c234e76fa35964ef613f7c498e7a829f06ab2f2af76f1dc1b52749f16,29474310468ff305170d19c651b8b6c26eb27f69a1842bcdf62c44bf0c7ecc31,bbf7b1412b692ecaeaeab7c38bbff09e9d57163c3ac436f994a6a396e607a9e2,01_search/search_logs/2026-07-20-broad-discovery/wave_03_lineage_resolution/semantic_repair_reader_results/batch_048.json,100,PMID:36467017,PMID:22617338,a66eb01fc4546a116863b574db352ec0729c3312042f662788f7f80a8cc5512c,task6-semantic-repair-reader-20260722,row-level relationship and lineage source-role semantic decision,adopted_after_exact_schema_and_key_validation
TASK6-REPAIR-049,8c26280c234e76fa35964ef613f7c498e7a829f06ab2f2af76f1dc1b52749f16,e9c74c83c9d49e2e14e2295bf718c8b97e1283ad282b68d0fe344ebfe7102817,8d7e06ad0e09d2949559922347063d321d54d744502dc2b56e2359379ea674d8,01_search/search_logs/2026-07-20-broad-discovery/wave_03_lineage_resolution/semantic_repair_reader_results/batch_049.json,100,PMID:22652512,PMID:26395339,de9a3b81a886c26a7ad168e32b6a136d40707ea3834ac63cd486702fe5506031,task6-semantic-repair-reader-20260722,row-level relationship and lineage source-role semantic decision,adopted_after_exact_schema_and_key_validation
TASK6-REPAIR-050,8c26280c234e76fa35964ef613f7c498e7a829f06ab2f2af76f1dc1b52749f16,3aa643ccad39a48ca2a88d9b37ffcd98590be488dd29ed124dd5f8d1addf7238,0ca32a34f74228355bda15786cef62c156f0ab8a5c2b0c08e27c7e055daf7112,01_search/search_logs/2026-07-20-broad-discovery/wave_03_lineage_resolution/semantic_repair_reader_results/batch_050.json,100,PMID:26423943,PMID:30296680,52f43c7ba192eeb9d13319de31bc09a3124468f6452f3bc6806e9392f539eb1b,task6-semantic-repair-reader-20260722,row-level relationship and lineage source-role semantic decision,adopted_after_exact_schema_and_key_validation
TASK6-REPAIR-051,8c26280c234e76fa35964ef613f7c498e7a829f06ab2f2af76f1dc1b52749f16,f48a180f1c01599d3e70ce2098354990420b90635cc84b5d84dcc276fe94d837,66f74f5657cfaac0b76e9e5b74a86a2886cfa9c82e56c4894a80867894c741b2,01_search/search_logs/2026-07-20-broad-discovery/wave_03_lineage_resolution/semantic_repair_reader_results/batch_051.json,100,PMID:30371758,PMID:33306459,b1b6807d33faf97a2135e5435b32e260d3cacda7f4464a3d0b2876e320c98c04,task6-semantic-repair-reader-20260722,row-level relationship and lineage source-role semantic decision,adopted_after_exact_schema_and_key_validation
TASK6-REPAIR-052,8c26280c234e76fa35964ef613f7c498e7a829f06ab2f2af76f1dc1b52749f16,f37b2db74f997e1244d730449dd87607f63a1440af4994c55bda63e9d447470c,9f56f3fa5724954cb4f00455eb3d9c19d4f17e6e30f067c48a19350f836c4e27,01_search/search_logs/2026-07-20-broad-discovery/wave_03_lineage_resolution/semantic_repair_reader_results/batch_052.json,100,PMID:33324488,PMID:36475767,4d70840ebb67b61dcf9ebd50af3d31864d19ca3bc5c3a3d64ab47626a20a7299,task6-semantic-repair-reader-20260722,row-level relationship and lineage source-role semantic decision,adopted_after_exact_schema_and_key_validation
TASK6-REPAIR-053,8c26280c234e76fa35964ef613f7c498e7a829f06ab2f2af76f1dc1b52749f16,a6f9cf53568e3b22f187953f0a97007b509358ce53c7e06b42c3360063671724,cd72d22ed59d8bfc3e2417768be209ea71127f6fd8f0e7312cb88a2018f931d5,01_search/search_logs/2026-07-20-broad-discovery/wave_03_lineage_resolution/semantic_repair_reader_results/batch_053.json,100,PMID:36548381,PMID:39191515,726954b0c25ce04f5bfd1dfeeb767802ff3f29864334078dc20ea04867372410,task6-semantic-repair-reader-20260722,row-level relationship and lineage source-role semantic decision,adopted_after_exact_schema_and_key_validation
TASK6-REPAIR-054,8c26280c234e76fa35964ef613f7c498e7a829f06ab2f2af76f1dc1b52749f16,d912a232f53cbd39a4f0132b8e8bb61594d7ac46cd4c23131cc79f88d139bc54,dd3a90cf37d325f432e2a726d4906866e3d70c55740266d7dc16f2b7c7736319,01_search/search_logs/2026-07-20-broad-discovery/wave_03_lineage_resolution/semantic_repair_reader_results/batch_054.json,100,PMID:39256401,PMID:42091586,c1a4a07485171ac21a0bd476acd5c57a8ddc6ad3fa21cd887cf617d1efc44071,task6-semantic-repair-reader-20260722,row-level relationship and lineage source-role semantic decision,adopted_after_exact_schema_and_key_validation
TASK6-REPAIR-055,8c26280c234e76fa35964ef613f7c498e7a829f06ab2f2af76f1dc1b52749f16,3ac51bff5cfb6517ba16043a8cf84f083c8b330ba5540ba1a3beabebfb048ded,9cf29d64ede2e0a9a39eb58eff3d4281bd10005b94b84d1d877d9c02f4555a72,01_search/search_logs/2026-07-20-broad-discovery/wave_03_lineage_resolution/semantic_repair_reader_results/batch_055.json,100,PMID:42102584,PMID:22142487,f993105b5a32883636bd4b166684c7d34360273a43eb282828890b6bbf11e478,task6-semantic-repair-reader-20260722,row-level relationship and lineage source-role semantic decision,adopted_after_exact_schema_and_key_validation
TASK6-REPAIR-056,8c26280c234e76fa35964ef613f7c498e7a829f06ab2f2af76f1dc1b52749f16,0343fdd63e0ae720ec147f62d06d8deb7f101dcce9cad0fc9cb9ef17c0fa9112,c11f12a1224eeaafd8b16db899c2465ed9e92f4410450dda673a1e7c65246a84,01_search/search_logs/2026-07-20-broad-discovery/wave_03_lineage_resolution/semantic_repair_reader_results/batch_056.json,100,PMID:22162559,PMID:27384663,50e36f78f9d448a3ca44649880ea5fb01db1a60eac5477c338a750ec8b77a6ee,task6-semantic-repair-reader-20260722,row-level relationship and lineage source-role semantic decision,adopted_after_exact_schema_and_key_validation
TASK6-REPAIR-057,8c26280c234e76fa35964ef613f7c498e7a829f06ab2f2af76f1dc1b52749f16,cd68967641c9d3be795d0da61a1e7f3162d6b235fe0d146249ea091873962c62,76e481ec3adc358752558199c9afdb3fd6d1fe781d60b72533fc44765faddd1a,01_search/search_logs/2026-07-20-broad-discovery/wave_03_lineage_resolution/semantic_repair_reader_results/batch_057.json,100,PMID:27433800,PMID:31058982,c90e690902a13a860a57a2b7687b2888028ec8e2552423e4e5b4cc70c47c6cf6,task6-semantic-repair-reader-20260722,row-level relationship and lineage source-role semantic decision,adopted_after_exact_schema_and_key_validation
TASK6-REPAIR-058,8c26280c234e76fa35964ef613f7c498e7a829f06ab2f2af76f1dc1b52749f16,dc3bf88377e076df00b3e9f959f8ff248efba54f7d2b199692a08609c06d034e,48670a1168b495a0cec13aedeba09a56659b2907801c2898a566f86f6dd08da4,01_search/search_logs/2026-07-20-broad-discovery/wave_03_lineage_resolution/semantic_repair_reader_results/batch_058.json,100,PMID:31092597,PMID:33883675,c05f230a857c265c7f2267984f0d3390937547c4df8cf0ef0e1f2286e642ffef,task6-semantic-repair-reader-20260722,row-level relationship and lineage source-role semantic decision,adopted_after_exact_schema_and_key_validation
TASK6-REPAIR-059,8c26280c234e76fa35964ef613f7c498e7a829f06ab2f2af76f1dc1b52749f16,6e1d8f1ab1f44fb27067638f95932bfe94b54a65df38f8fbe0afe371f4c64f37,67b96fdfe001a86b61f3b0503ad565d1a1eb2779c8e6c8dc775d43f01740e8a1,01_search/search_logs/2026-07-20-broad-discovery/wave_03_lineage_resolution/semantic_repair_reader_results/batch_059.json,100,PMID:33890426,PMID:36106981,184c1e074042ee86032f12a7bd97e91b51521a35a41b3426ee69c506d4850e5d,task6-semantic-repair-reader-20260722,row-level relationship and lineage source-role semantic decision,adopted_after_exact_schema_and_key_validation
TASK6-REPAIR-060,8c26280c234e76fa35964ef613f7c498e7a829f06ab2f2af76f1dc1b52749f16,d909bb427af9ab456458f4e2d74435a05d21576d4d9256135fffbbee3ab5bcd5,48bf97ec4fcadfdc4f074602a4389d04305f6dda957558815ba68db243814c3a,01_search/search_logs/2026-07-20-broad-discovery/wave_03_lineage_resolution/semantic_repair_reader_results/batch_060.json,100,PMID:36118194,PMID:38953059,1663b9af65c2512a1ceb2de24cfd04b62253b1e3daf5189743cb3c1799c548a3,task6-semantic-repair-reader-20260722,row-level relationship and lineage source-role semantic decision,adopted_after_exact_schema_and_key_validation
TASK6-REPAIR-061,8c26280c234e76fa35964ef613f7c498e7a829f06ab2f2af76f1dc1b52749f16,c190414d99520565eefb4423290be47b4fbc51fdd9b91e453a1aca67807f9e51,8229820da64ae6aae7f4e475a56766b7858c131c1601cfca2f6baeda4cf60191,01_search/search_logs/2026-07-20-broad-discovery/wave_03_lineage_resolution/semantic_repair_reader_results/batch_061.json,100,PMID:38969474,PMID:41928649,5a5eb19d642309f4109576efabccab70538c790d6697f990df2a38dfd70e5324,task6-semantic-repair-reader-20260722,row-level relationship and lineage source-role semantic decision,adopted_after_exact_schema_and_key_validation
TASK6-REPAIR-062,8c26280c234e76fa35964ef613f7c498e7a829f06ab2f2af76f1dc1b52749f16,cb79012daa8381bb2a1835b37d27bf63adfd0b92ed073e1a5642aecfb5997409,38e62eb008899453adde28bee587994b2e0ca2d61914f973a6a0cb015376011c,01_search/search_logs/2026-07-20-broad-discovery/wave_03_lineage_resolution/semantic_repair_reader_results/batch_062.json,100,PMID:41986738,PMID:25748002,bc64fd07ef77fe2d23b024dad78f6e058ec6a9a69b6fcbc7fc17b75dae48b87e,task6-semantic-repair-reader-20260722,row-level relationship and lineage source-role semantic decision,adopted_after_exact_schema_and_key_validation
TASK6-REPAIR-063,8c26280c234e76fa35964ef613f7c498e7a829f06ab2f2af76f1dc1b52749f16,b3706d8e2937760f46b213b84cdd62e07a9df02a0bd5257447c17584341efd66,68c66a03081c7170d2a82608cc029f2e4abcfef9c243dfa6ab1998ddec263a96,01_search/search_logs/2026-07-20-broad-discovery/wave_03_lineage_resolution/semantic_repair_reader_results/batch_063.json,100,PMID:25788255,PMID:31538559,8f0deaf67fa2be3bf1b12e8c320ec6806778ab8ba9986567401589d7373a9b8d,task6-semantic-repair-reader-20260722,row-level relationship and lineage source-role semantic decision,adopted_after_exact_schema_and_key_validation
TASK6-REPAIR-064,8c26280c234e76fa35964ef613f7c498e7a829f06ab2f2af76f1dc1b52749f16,bf6b552f9fcf3676f7f7cd371b1976efcacdac63e3b16f84e9479323412badc1,a5d078613cb3145a29ee8c79e0709e5664041890b7e2788c9eaf1c3356d137b9,01_search/search_logs/2026-07-20-broad-discovery/wave_03_lineage_resolution/semantic_repair_reader_results/batch_064.json,100,PMID:31615435,PMID:41913829,f8759d57b1f9b8da232826d6f380ac870e8442f89122cb2b83a3624d61516562,task6-semantic-repair-reader-20260722,row-level relationship and lineage source-role semantic decision,adopted_after_exact_schema_and_key_validation
TASK6-REPAIR-065,8c26280c234e76fa35964ef613f7c498e7a829f06ab2f2af76f1dc1b52749f16,44fe204633b33484b966ab413079c751ded8fafd16d3b1562296e326d7362f4a,890c938e1a98aae9e09630e1bebd5fe7eecb0c7acc8dc12bf6a3f260f01d5510,01_search/search_logs/2026-07-20-broad-discovery/wave_03_lineage_resolution/semantic_repair_reader_results/batch_065.json,100,PMID:42038247,PMID:40015170,ebb7f446ac47b217536978e6299912c5857f452309acbf299a510f5896e6772a,task6-semantic-repair-reader-20260722,row-level relationship and lineage source-role semantic decision,adopted_after_exact_schema_and_key_validation
TASK6-REPAIR-066,8c26280c234e76fa35964ef613f7c498e7a829f06ab2f2af76f1dc1b52749f16,39bfc9206b5a3eb4b9a7a97538ba77395b1095e11431760c4bf7540de8d28e7a,80fbb61386a97eddcfed19bc040d44e2c8ceec28ad406458d379b2dbaf21fce4,01_search/search_logs/2026-07-20-broad-discovery/wave_03_lineage_resolution/semantic_repair_reader_results/batch_066.json,100,PMID:40036234,PMID:25798391,80d7021e602417cb9a3963cd02ac92f6900fbc5a40faacc5e8cf2153f5d4fee0,task6-semantic-repair-reader-20260722,row-level relationship and lineage source-role semantic decision,adopted_after_exact_schema_and_key_validation
TASK6-REPAIR-067,8c26280c234e76fa35964ef613f7c498e7a829f06ab2f2af76f1dc1b52749f16,a587df74b526bb73d882f2107a9fb32fc5ddd9db44c1554af7fbaa8e15f62e0d,ed031bdaaa012f7c2b0aebd916f90545ece5aa9f4267c254fec2f7c263b8bfae,01_search/search_logs/2026-07-20-broad-discovery/wave_03_lineage_resolution/semantic_repair_reader_results/batch_067.json,100,PMID:26059601,PMID:22235360,a7b055f3e89a6aeff8f275f426b2b9213b58692343cac9015cda951a95164d98,task6-semantic-repair-reader-20260722,row-level relationship and lineage source-role semantic decision,adopted_after_exact_schema_and_key_validation
TASK6-REPAIR-068,8c26280c234e76fa35964ef613f7c498e7a829f06ab2f2af76f1dc1b52749f16,05e4a492fdafa1d927756c5f66d2a856173cd118effec20f1eb9652c1fa465fd,2ff51ec4a38c2ff8cf6ce417484bb0e7e686f5dc6741c61e609aaa79d78b06bf,01_search/search_logs/2026-07-20-broad-discovery/wave_03_lineage_resolution/semantic_repair_reader_results/batch_068.json,100,PMID:23459420,PMID:33640378,3c61fdb2ec57fd4e69835990f717cd1d9040bc6b008aecf1d2fd2474e7718bc1,task6-semantic-repair-reader-20260722,row-level relationship and lineage source-role semantic decision,adopted_after_exact_schema_and_key_validation
TASK6-REPAIR-069,8c26280c234e76fa35964ef613f7c498e7a829f06ab2f2af76f1dc1b52749f16,f0c1da7c44e274b488455a9067eecba9867c4c1815f274f48394488aaa5813eb,116f8ae7a33f65d60e1f8ad6334cc1da4e9e19202e390386858549cae7b29128,01_search/search_logs/2026-07-20-broad-discovery/wave_03_lineage_resolution/semantic_repair_reader_results/batch_069.json,100,PMID:33672899,PMID:40473835,3d46276be0d59a18209c344477f0252629622adee85b48d1b6c6cfcbd2be635c,task6-semantic-repair-reader-20260722,row-level relationship and lineage source-role semantic decision,adopted_after_exact_schema_and_key_validation
TASK6-REPAIR-070,8c26280c234e76fa35964ef613f7c498e7a829f06ab2f2af76f1dc1b52749f16,0527c07f1bccbb20c1ce001dae9f312035e55f830e0678fff2894749b42557a8,ff128fc30b08f4a3ddf7993bebe26ecf52847c8146ebcb785d7ec60bc0657fde,01_search/search_logs/2026-07-20-broad-discovery/wave_03_lineage_resolution/semantic_repair_reader_results/batch_070.json,100,PMID:40517846,PMID:32801215,deadd318b8aa4643bbd70ae65a4b2fba4e7e2cd9c73412c7371e63d56e36bd11,task6-semantic-repair-reader-20260722,row-level relationship and lineage source-role semantic decision,adopted_after_exact_schema_and_key_validation
TASK6-REPAIR-071,8c26280c234e76fa35964ef613f7c498e7a829f06ab2f2af76f1dc1b52749f16,ca3d96856ff926bc8ab809b827205b0fc45fbc7772a86297f56530e124d5980a,ff176b79a61ad7ef1f0a0fd0e6410cc493dc1e663c160ec150159e39a6bcda76,01_search/search_logs/2026-07-20-broad-discovery/wave_03_lineage_resolution/semantic_repair_reader_results/batch_071.json,100,PMID:34735483,PMID:21812170,4c1cdad4743393d3ad1cf78a014049c75314d6f0c0ddc18e771e20dfa0bb2be2,task6-semantic-repair-reader-20260722,row-level relationship and lineage source-role semantic decision,adopted_after_exact_schema_and_key_validation
TASK6-REPAIR-072,8c26280c234e76fa35964ef613f7c498e7a829f06ab2f2af76f1dc1b52749f16,88cbde320f1c3613aca09f9c0f6838e81c79c82b18ed34ef8bad5d672fdb9a17,f9cbfd5263b5dce280529ba4cdb8812226269f5517ad037195238996bdff5adc,01_search/search_logs/2026-07-20-broad-discovery/wave_03_lineage_resolution/semantic_repair_reader_results/batch_072.json,100,PMID:23613891,PMID:29461241,9884836ce6229984ad92b659538d05a1ad5d28034250905108a975ff1b2f01bf,task6-semantic-repair-reader-20260722,row-level relationship and lineage source-role semantic decision,adopted_after_exact_schema_and_key_validation
TASK6-REPAIR-073,8c26280c234e76fa35964ef613f7c498e7a829f06ab2f2af76f1dc1b52749f16,880aa00ae3b2aba125d829d3f2b636e115d09d5dbbd627bd1ee6faa101f044b1,22066e94288f9c8aeab20a88ceaa2be4e8a02ee628b648bcaebb3efd5bc2f390,01_search/search_logs/2026-07-20-broad-discovery/wave_03_lineage_resolution/semantic_repair_reader_results/batch_073.json,100,PMID:29608617,PMID:41824402,d46e648008b1c83c23adc6e62b5233f2132b383f592dc55acbe3d15fe651d19e,task6-semantic-repair-reader-20260722,row-level relationship and lineage source-role semantic decision,adopted_after_exact_schema_and_key_validation
TASK6-REPAIR-074,8c26280c234e76fa35964ef613f7c498e7a829f06ab2f2af76f1dc1b52749f16,db03c83226d74816d544e73ef8db2ad1eb1b4ae5853255fd7be3e16a4396f466,e4abdfdd499df46d72ffd9852ec65aff06f2946f6bf56007e102ddf65d32b6ba,01_search/search_logs/2026-07-20-broad-discovery/wave_03_lineage_resolution/semantic_repair_reader_results/batch_074.json,100,PMID:41911297,PMID:33407173,070338c41d587664f6b2e6e7c4e438c7558749eceb3320b7d3df148e84ff6a33,task6-semantic-repair-reader-20260722,row-level relationship and lineage source-role semantic decision,adopted_after_exact_schema_and_key_validation
TASK6-REPAIR-075,8c26280c234e76fa35964ef613f7c498e7a829f06ab2f2af76f1dc1b52749f16,acebea9f5dac93bf97a1247af4a4a85e8dfcc046fba784b9e004cd87cf92421b,b26b1fcaa36689f242143baa8b88bd24e965da580a3eea30a05622b59b9b75e8,01_search/search_logs/2026-07-20-broad-discovery/wave_03_lineage_resolution/semantic_repair_reader_results/batch_075.json,100,PMID:33593210,PMID:33741830,68263060a55bac1eef6822ac6f0794ba32a638fac2f7114222927c56a05dee31,task6-semantic-repair-reader-20260722,row-level relationship and lineage source-role semantic decision,adopted_after_exact_schema_and_key_validation
TASK6-REPAIR-076,8c26280c234e76fa35964ef613f7c498e7a829f06ab2f2af76f1dc1b52749f16,a3aa86dd6ec4806ca3aba6803ab5e74f436162694faca315e03a3e6782621282,a6caac1b2c75fcae0d7c0e75d0307ba3bc753bd4bbb4ba9dc3ed4e89af5e643c,01_search/search_logs/2026-07-20-broad-discovery/wave_03_lineage_resolution/semantic_repair_reader_results/batch_076.json,100,PMID:33780544,PMID:28588951,8d77241f0dc59f9494daccb1bf86472bf6226ac51ebe624f7feecd2626715850,task6-semantic-repair-reader-20260722,row-level relationship and lineage source-role semantic decision,adopted_after_exact_schema_and_key_validation
TASK6-REPAIR-077,8c26280c234e76fa35964ef613f7c498e7a829f06ab2f2af76f1dc1b52749f16,1011e6fafd18718c35009af56a5564b23fd20913ab40e6578f86fa3d59829fc5,a1cdca771862ca97f0cba4cdeea1160c2f1aab76bc5016cd48e12a0e894027f0,01_search/search_logs/2026-07-20-broad-discovery/wave_03_lineage_resolution/semantic_repair_reader_results/batch_077.json,100,PMID:28910931,PMID:32007841,ceb58274f3f0251562ee367e7d1bc1811394ca7304529329373be71f1622f584,task6-semantic-repair-reader-20260722,row-level relationship and lineage source-role semantic decision,adopted_after_exact_schema_and_key_validation
TASK6-REPAIR-078,8c26280c234e76fa35964ef613f7c498e7a829f06ab2f2af76f1dc1b52749f16,85cfc6a1f985dbfd79f8d0cc4a3025d07d5dc63bd31c08ec1c09e015c0d19583,8083a1c958ded057e29ab109d28fc0faf6269e2b58fd99410a1784c53292d531,01_search/search_logs/2026-07-20-broad-discovery/wave_03_lineage_resolution/semantic_repair_reader_results/batch_078.json,79,PMID:34924014,PMID:40937553,1d47f6ca9eb624b7732b571fe5ed33d34cfafe8675e8e887dfecc9227cc09ab5,task6-semantic-repair-reader-20260722,row-level relationship and lineage source-role semantic decision,adopted_after_exact_schema_and_key_validation
