candidate_key,query_id,named_source_id,candidate_rank,pmid,doi,title,year,journal,authors,source_url,raw_path,raw_sha256
PMID:34491227,SEARCH-20260722-LINEAGE-CAUSAL-99,NS-CAUSAL-002,1,34491227,10.4269/ajtmh.20-0254,An Adaptive Intervention Trial Design for Finding the Optimal Integrated Strategies for Malaria Control and Elimination in Africa: A Model Simulation Study.,2021,The American journal of tropical medicine and hygiene,Guofa Zhou; Ming-Chieh Lee; Xiaoming Wang; Daibin Zhong; Elizabeth Hemming-Schroeder; Guiyun Yan,https://pubmed.ncbi.nlm.nih.gov/34491227/,raw/SEARCH-20260722-LINEAGE-CAUSAL-99.efetch.000000000-000000000.xml,25b7ea93bba2ebb38a8c8f49c57a9509038a9736d293adaf4f69a11867988b75
PMID:37100446,SEARCH-20260722-LINEAGE-CAUSAL-115,NS-CAUSAL-015,1,37100446,10.1136/bmj-2022-072488,Multi-faceted intervention to improve management of antibiotics for children presenting to primary care with acute cough and respiratory tract infection (CHICO): efficient cluster randomised controlled trial.,2023,BMJ (Clinical research ed.),Peter S Blair; Grace Young; Clare Clement; P Dixon; Penny Seume; Jenny Ingram; Jodi Taylor; Christie Cabral; Patricia J Lucas; Elizabeth Beech; Jeremy Horwood; Martin Gulliford; Nick A Francis; Sam Creavin; Janet A Lane; Scott Bevan; Alastair D Hay,https://pubmed.ncbi.nlm.nih.gov/37100446/,raw/SEARCH-20260722-LINEAGE-CAUSAL-115.efetch.000000000-000000000.xml,92e5722a59e7cc24d94417e2cc1a522e05a159a4a15786f943b4a874b84377a0
PMID:34711190,SEARCH-20260722-LINEAGE-CAUSAL-122,NS-CAUSAL-020,1,34711190,10.1186/s12879-021-06780-7,COVID-19 underreporting and its impact on vaccination strategies.,2021,BMC infectious diseases,Vinicius Albani; Jennifer Loria; Eduardo Massad; Jorge Zubelli,https://pubmed.ncbi.nlm.nih.gov/34711190/,raw/SEARCH-20260722-LINEAGE-CAUSAL-122.efetch.000000000-000000000.xml,514cb145f0e05548452c2925c5179704cf55af0c1a58e9c6104dd872506779b0
PMID:39579079,SEARCH-20260722-LINEAGE-CAUSAL-126,NS-CAUSAL-024,1,39579079,10.1093/cid/ciae577,Long-Term Effectiveness of Financial Incentives for Not Prescribing Unnecessary Antibiotics to Children With Acute Respiratory and Gastrointestinal Infections: Japan's Nationwide Quasi-Experimental Study.,2025,Clinical infectious diseases : an official publication of the Infectious Diseases Society of America,Yusuke Okubo; Kazuhiro Uda; Isao Miyairi,https://pubmed.ncbi.nlm.nih.gov/39579079/,raw/SEARCH-20260722-LINEAGE-CAUSAL-126.efetch.000000000-000000000.xml,d34852daec856aac63e9addccfbda29e96b128629704bbb0cfbe5a57c39ed857
PMID:21342667,SEARCH-20260722-LINEAGE-CAUSAL-137,NS-CAUSAL-033,1,21342667,10.1016/j.vaccine.2011.02.016,Impact of conjugate 7-valent vaccination in Belgium: addressing methodological challenges.,2011,Vaccine,Germaine Hanquet; Tinne Lernout; Anne Vergison; Jan Verhaegen; Esther Kissling; David Tuerlinckx; Anne Malfroot; Béatrice Swennen; Martine Sabbe; Belgian IPD Scientific Committee,https://pubmed.ncbi.nlm.nih.gov/21342667/,raw/SEARCH-20260722-LINEAGE-CAUSAL-137.efetch.000000000-000000000.xml,bc73e8b600e1cadc05228bfbb6bf0d805ec246eb149ba209b9678a8c2b8eccbe
PMID:19934191,SEARCH-20260722-LINEAGE-CAUSAL-142,NS-CAUSAL-036,1,19934191,10.1093/aje/kwp329,Using marginal structural measurement-error models to estimate the long-term effect of antiretroviral therapy on incident AIDS or death.,2010,American journal of epidemiology,Stephen R Cole; Lisa P Jacobson; Phyllis C Tien; Lawrence Kingsley; Joan S Chmiel; Kathryn Anastos,https://pubmed.ncbi.nlm.nih.gov/19934191/,raw/SEARCH-20260722-LINEAGE-CAUSAL-142.efetch.000000000-000000000.xml,5582a0219d1465500a0c1db9184b2be6d8cc9020f391adebd0dc526ed6a2e6cc
PMID:23100246,SEARCH-20260722-LINEAGE-CAUSAL-148,NS-CAUSAL-042,1,23100246,10.1093/aje/kws158,Characterizing vaccine-associated risks using cubic smoothing splines.,2012,American journal of epidemiology,M Alan Brookhart; Alexander M Walker; Yun Lu; Laura Polakowski; Jie Li; Corrie Paeglow; Tosmai Puenpatom; Hector Izurieta; Gregory W Daniel,https://pubmed.ncbi.nlm.nih.gov/23100246/,raw/SEARCH-20260722-LINEAGE-CAUSAL-148.efetch.000000000-000000000.xml,3037ef03cfa792b97fe44051804096c5594cad665d7ed4d3a36770697862bbff
PMID:37746872,SEARCH-20260722-LINEAGE-CAUSAL-156,NS-CAUSAL-048,1,37746872,10.1093/cid/ciad469,"Long-term Cardiovascular, Cerebrovascular, and Other Thrombotic Complications in COVID-19 Survivors: A Retrospective Cohort Study.",2024,Clinical infectious diseases : an official publication of the Infectious Diseases Society of America,Jue Tao Lim; Wee Liang En; An Ting Tay; Deanette Pang; Calvin J Chiew; Benjamin Ong; David Chien Boon Lye; Kelvin Bryan Tan,https://pubmed.ncbi.nlm.nih.gov/37746872/,raw/SEARCH-20260722-LINEAGE-CAUSAL-156.efetch.000000000-000000000.xml,d588ec32abc77da6289e7fb4b7571abf0bf0ddc347b1cc98a33daa8d8fd3e13b
PMID:31869328,SEARCH-20260722-LINEAGE-CAUSAL-158,NS-CAUSAL-050,1,31869328,10.1371/journal.pmed.1002994,The 2016 California policy to eliminate nonmedical vaccine exemptions and changes in vaccine coverage: An empirical policy analysis.,2019,PLoS medicine,Sindiso Nyathi; Hannah C Karpel; Kristin L Sainani; Yvonne Maldonado; Peter J Hotez; Eran Bendavid; Nathan C Lo,https://pubmed.ncbi.nlm.nih.gov/31869328/,raw/SEARCH-20260722-LINEAGE-CAUSAL-158.efetch.000000000-000000000.xml,3b16682254c7a78202d37ca817bc4f31da778ec9d87eeb8dd046c0a8db5d2eae
PMID:35287307,SEARCH-20260722-LINEAGE-CAUSAL-163,NS-CAUSAL-054,1,35287307,10.1016/j.jebo.2022.02.027,Save lives or save livelihoods? A cross-country analysis of COVID-19 pandemic and economic growth.,2022,Journal of economic behavior & organization,Qu Feng; Guiying Laura Wu; Mengying Yuan; Shihao Zhou,https://pubmed.ncbi.nlm.nih.gov/35287307/,raw/SEARCH-20260722-LINEAGE-CAUSAL-163.efetch.000000000-000000000.xml,d236efd731fa97297005605a82ae48d168a96d5ec2371f6180757a20fa4f58a1
PMID:38308279,SEARCH-20260722-LINEAGE-CAUSAL-173,NS-CAUSAL-061,1,38308279,10.1186/s12889-024-17803-8,Multilayer factors associated with excess all-cause mortality during the omicron and non-omicron waves of the COVID-19 pandemic: time series analysis in 29 countries.,2024,BMC public health,Fengjuan Zou; Jianpeng Xiao; Yingying Jin; Ronghua Jian; Yijun Hu; Xiaofeng Liang; Wenjun Ma; Sui Zhu,https://pubmed.ncbi.nlm.nih.gov/38308279/,raw/SEARCH-20260722-LINEAGE-CAUSAL-173.efetch.000000000-000000000.xml,fef8fc4754905478671f2cecb1cb5055180b745c1c9910ef08f9fd19f739a1f4
PMID:30346524,SEARCH-20260722-LINEAGE-CAUSAL-174,NS-CAUSAL-062,1,30346524,10.1093/cid/ciy906,The Use of Quasi-experimental Designs for Vaccine Evaluation.,2019,Clinical infectious diseases : an official publication of the Infectious Diseases Society of America,James A Lopez Bernal; Nick Andrews; Gayatri Amirthalingam,https://pubmed.ncbi.nlm.nih.gov/30346524/,raw/SEARCH-20260722-LINEAGE-CAUSAL-174.efetch.000000000-000000000.xml,03043e7d10f3120ad640d10f6b95ae0c0e1c40563a6879b728580f91104e2219
PMID:26935205,SEARCH-20260722-LINEAGE-CAUSAL-181,NS-CAUSAL-068,1,26935205,10.1186/s13071-016-1408-6,"Factors associated with tick bites and pathogen prevalence in ticks parasitizing humans in Georgia, USA.",2016,Parasites & vectors,Elizabeth R Gleim; Laurel E Garrison; Marianne S Vello; Mason Y Savage; Gaylord Lopez; Roy D Berghaus; Michael J Yabsley,https://pubmed.ncbi.nlm.nih.gov/26935205/,raw/SEARCH-20260722-LINEAGE-CAUSAL-181.efetch.000000000-000000000.xml,078e5ce10bd5958c7eed810ccfb469b2f0c2bfe21ba2e351f18288669d00b428
PMID:38422989,SEARCH-20260722-LINEAGE-CAUSAL-182,NS-CAUSAL-069,1,38422989,10.1002/sim.10046,Inference under superspreading: Determinants of SARS-CoV-2 transmission in Germany.,2024,Statistics in medicine,Patrick W Schmidt,https://pubmed.ncbi.nlm.nih.gov/38422989/,raw/SEARCH-20260722-LINEAGE-CAUSAL-182.efetch.000000000-000000000.xml,7f25d7b0c4421b50a4ed0608d5059672df8dfbbaaba2821e40e44ac4413d1b96
PMID:21361864,SEARCH-20260722-LINEAGE-CAUSAL-190,NS-CAUSAL-075,1,21361864,10.2174/157016211795569122,Factors associated with HIV virologic failure among patients on HAART for one year at three sentinel surveillance sites in China.,2011,Current HIV research,Xia Wang; Liting Yang; Huiqin Li; La Zuo; Shujia Liang; Wei Liu; Yonghui Dong; Shaomin Yang; Hong Shang; Jingyun Li; Laiyi Kang; Ping Zhong; Wei Zheng; Lingjie Liao; Hui Xing; Ray Y Chen; Yuhua Ruan; Yiming Shao,https://pubmed.ncbi.nlm.nih.gov/21361864/,raw/SEARCH-20260722-LINEAGE-CAUSAL-190.efetch.000000000-000000000.xml,5d7555358750fb261ec51d751a642b4e4b78bba188cb7f44483dc2afca68b455
PMID:21067976,SEARCH-20260722-LINEAGE-CAUSAL-192,NS-CAUSAL-077,1,21067976,10.1016/s1473-3099(10)70225-5,Quadrivalent human papillomavirus vaccination and trends in genital warts in Australia: analysis of national sentinel surveillance data.,2011,The Lancet. Infectious diseases,Basil Donovan; Neil Franklin; Rebecca Guy; Andrew E Grulich; David G Regan; Hammad Ali; Handan Wand; Christopher K Fairley,https://pubmed.ncbi.nlm.nih.gov/21067976/,raw/SEARCH-20260722-LINEAGE-CAUSAL-192.efetch.000000000-000000000.xml,863cbd0a1d4f47842a472f638014c5145f722b49472388e59113ae020de7eb60
PMID:31529036,SEARCH-20260722-LINEAGE-CAUSAL-201,NS-CAUSAL-086,1,31529036,10.1093/aje/kwz194,"RE: ""EFFECT ESTIMATES IN RANDOMIZED TRIALS AND OBSERVATIONAL STUDIES: COMPARING APPLES WITH APPLES"".",2020,American journal of epidemiology,Michael Schomaker; Felicitas Kühne; Uwe Siebert,https://pubmed.ncbi.nlm.nih.gov/31529036/,raw/SEARCH-20260722-LINEAGE-CAUSAL-201.efetch.000000000-000000001.xml,0a77d352fb16d4c29344e89eb981bb03f516a7ee9f42d8dee86b3dcc50191e43
PMID:31063192,SEARCH-20260722-LINEAGE-CAUSAL-201,NS-CAUSAL-086,2,31063192,10.1093/aje/kwz100,Effect Estimates in Randomized Trials and Observational Studies: Comparing Apples With Apples.,2019,American journal of epidemiology,Sara Lodi; Andrew Phillips; Jens Lundgren; Roger Logan; Shweta Sharma; Stephen R Cole; Abdel Babiker; Matthew Law; Haitao Chu; Dana Byrne; Andrzej Horban; Jonathan A C Sterne; Kholoud Porter; Caroline Sabin; Dominique Costagliola; Sophie Abgrall; John Gill; Giota Touloumi; Antonio G Pacheco; Ard van Sighem; Peter Reiss; Heiner C Bucher; Alexandra Montoliu Giménez; Inmaculada Jarrin; Linda Wittkop; Laurence Meyer; Santiago Perez-Hoyos; Amy Justice; James D Neaton; Miguel A Hernán; INSIGHT START Study Group and the HIV-CAUSAL Collaboration,https://pubmed.ncbi.nlm.nih.gov/31063192/,raw/SEARCH-20260722-LINEAGE-CAUSAL-201.efetch.000000000-000000001.xml,0a77d352fb16d4c29344e89eb981bb03f516a7ee9f42d8dee86b3dcc50191e43
PMID:25505499,SEARCH-20260722-LINEAGE-CAUSAL-205,NS-CAUSAL-089,1,25505499,10.1214/14-aoas727,EFFECT OF BREASTFEEDING ON GASTROINTESTINAL INFECTION IN INFANTS: A TARGETED MAXIMUM LIKELIHOOD APPROACH FOR CLUSTERED LONGITUDINAL DATA.,2014,The annals of applied statistics,Mireille E Schnitzer; Mark J van der Laan; Erica E M Moodie; Robert W Platt,https://pubmed.ncbi.nlm.nih.gov/25505499/,raw/SEARCH-20260722-LINEAGE-CAUSAL-205.efetch.000000000-000000000.xml,8d9f1ed0abbd288a82c6ac7890cf59a367e650548694c6cdcfa39b24d9d2877a
PMID:39320460,SEARCH-20260722-LINEAGE-EVIDENCE-65,NS-EVIDENCE-005,1,39320460,10.1093/cid/ciae455,Correction to: Changes in the Appropriateness of US Outpatient Antibiotic Prescribing After the COVID-19 Outbreak: An Interrupted Time series Analysis of 2017-2021 Data.,2024,Clinical infectious diseases : an official publication of the Infectious Diseases Society of America,,https://pubmed.ncbi.nlm.nih.gov/39320460/,raw/SEARCH-20260722-LINEAGE-EVIDENCE-65.efetch.000000000-000000000.xml,11614b6cbd1836667a96b85f0f473d1f800898e19a7c8003e02945a7de305be6
PMID:25023449,SEARCH-20260722-LINEAGE-EVIDENCE-66,NS-EVIDENCE-006,1,25023449,10.1017/s0950268814000429,Using surveillance and monitoring data of different origins in a Salmonella source attribution model: a European Union example with challenges and proposed solutions.,2015,Epidemiology and infection,L V DE Knegt; S M Pires; T Hald,https://pubmed.ncbi.nlm.nih.gov/25023449/,raw/SEARCH-20260722-LINEAGE-EVIDENCE-66.efetch.000000000-000000000.xml,7c70064c9faefc3dcee63eb2fa1f8b6fcc7fefd9f29e438f820f303f7f82e19d
PMID:20630145,SEARCH-20260722-LINEAGE-EVIDENCE-71,NS-EVIDENCE-010,1,20630145,10.2807/ese.15.27.19610-en,Emergence of pregnancy-related listeriosis amongst ethnic minorities in England and Wales.,2010,Euro surveillance : bulletin Europeen sur les maladies transmissibles = European communicable disease bulletin,P Mook; K A Grant; C L Little; G Kafatos; I A Gillespie,https://pubmed.ncbi.nlm.nih.gov/20630145/,raw/SEARCH-20260722-LINEAGE-EVIDENCE-71.efetch.000000000-000000000.xml,a0c727f999b9618b1b89d3ffbd63b4b7a2467c2889b21a6703d4f58a70b5ff1c
PMID:27277138,SEARCH-20260722-LINEAGE-EVIDENCE-72,NS-EVIDENCE-011,1,27277138,10.1111/risa.12637,Evolution and Use of Dynamic Transmission Models for Measles and Rubella Risk and Policy Analysis.,2016,Risk analysis : an official publication of the Society for Risk Analysis,Kimberly M Thompson,https://pubmed.ncbi.nlm.nih.gov/27277138/,raw/SEARCH-20260722-LINEAGE-EVIDENCE-72.efetch.000000000-000000000.xml,d7c9995dcef06fff444b3f5ceaee00e4a37ae606095594c01c8237e189a1aed9
PMID:37442686,SEARCH-20260722-LINEAGE-EVIDENCE-74,NS-EVIDENCE-013,1,37442686,10.1016/j.vaccine.2023.06.073,Exclusion of pregnant people from emergency vaccine clinical trials: A systematic review of clinical trial protocols and reporting from 2009 to 2019.,2023,Vaccine,Jamie Minchin; Gavin H Harris; Sasha Baumann; Emily R Smith,https://pubmed.ncbi.nlm.nih.gov/37442686/,raw/SEARCH-20260722-LINEAGE-EVIDENCE-74.efetch.000000000-000000000.xml,f25c6ee507d49eb7dda5016acd3559b179ef597cd33e9d545b8d27f0a0a14a73
PMID:36246252,SEARCH-20260722-LINEAGE-EVIDENCE-77,NS-EVIDENCE-016,1,36246252,10.3389/fmicb.2022.1011049,Knowing the unknown: The underestimation of monkeypox cases. Insights and implications from an integrative review of the literature.,2022,Frontiers in microbiology,Nicola Luigi Bragazzi; Woldegebriel Assefa Woldegerima; Sarafa Adewale Iyaniwura; Qing Han; Xiaoying Wang; Aminath Shausan; Kingsley Badu; Patrick Okwen; Cheryl Prescod; Michelle Westin; Andrew Omame; Manlio Converti; Bruce Mellado; Jianhong Wu; Jude Dzevela Kong,https://pubmed.ncbi.nlm.nih.gov/36246252/,raw/SEARCH-20260722-LINEAGE-EVIDENCE-77.efetch.000000000-000000000.xml,05dba9e4235e6c233517e6fb8babec818398efda192de7af927941896b042b5d
PMID:26743093,SEARCH-20260722-LINEAGE-EVIDENCE-81,NS-EVIDENCE-019,1,26743093,10.1093/cid/civ1222,How Generalizable Are the Results From Trials of Direct Antiviral Agents to People Coinfected With HIV/HCV in the Real World?,2016,Clinical infectious diseases : an official publication of the Infectious Diseases Society of America,Sahar Saeed; Erin C Strumpf; Sharon L Walmsley; Kathleen Rollet-Kurhajec; Neora Pick; Valerie Martel-Laferrière; Mark Hull; M John Gill; Joseph Cox; Curtis Cooper; Marina B Klein; Canadian Co-Infection Cohort Study; Jeff Cohen; Brian Conway; Curtis Cooper; Pierre Côté; Joseph Cox; John Gill; Shariq Haider; Marianne Harris; David Haase; Mark Hull; Julio Montaner; Erica Moodie; Neora Pick; Anita Rachlis; Danielle Rouleau; Roger Sandre; Joseph Mark Tyndall; Marie-Louise Vachon; Sharon Walmsley; David Wong,https://pubmed.ncbi.nlm.nih.gov/26743093/,raw/SEARCH-20260722-LINEAGE-EVIDENCE-81.efetch.000000000-000000000.xml,0e728f517fdc549fc4d7d660597355edabb0af08dbe01a47d9c7fa1c988367e3
PMID:33669985,SEARCH-20260722-LINEAGE-EVIDENCE-82,NS-EVIDENCE-020,1,33669985,10.3390/ijerph18042095,Handling Poor Accrual in Pediatric Trials: A Simulation Study Using a Bayesian Approach.,2021,International journal of environmental research and public health,Danila Azzolina; Giulia Lorenzoni; Silvia Bressan; Liviana Da Dalt; Ileana Baldi; Dario Gregori,https://pubmed.ncbi.nlm.nih.gov/33669985/,raw/SEARCH-20260722-LINEAGE-EVIDENCE-82.efetch.000000000-000000000.xml,47c236ddb36f23d96eba44423d6e86f6fe413e375ad5aa72b1eca8410d3ccedb
PMID:22372578,SEARCH-20260722-LINEAGE-EVIDENCE-84,NS-EVIDENCE-022,1,22372578,10.1111/j.1461-0248.2012.01749.x,Rapid genetic change underpins antagonistic coevolution in a natural host-pathogen metapopulation.,2012,Ecology letters,Peter H Thrall; Anna-Liisa Laine; Michael Ravensdale; Adnane Nemri; Peter N Dodds; Luke G Barrett; Jeremy J Burdon,https://pubmed.ncbi.nlm.nih.gov/22372578/,raw/SEARCH-20260722-LINEAGE-EVIDENCE-84.efetch.000000000-000000000.xml,3f984f1a11a311011fef793ecf4529e989477d7f8c96395bc64b0fabe2216133
PMID:36219562,SEARCH-20260722-LINEAGE-EVIDENCE-86,NS-EVIDENCE-023,1,36219562,10.1093/cid/ciac653,Influenza During the 2010-2020 Decade in the United States: Seasonal Outbreaks and Vaccine Interventions.,2023,Clinical infectious diseases : an official publication of the Infectious Diseases Society of America,Ryan E Malosh; Ian McGovern; Arnold S Monto,https://pubmed.ncbi.nlm.nih.gov/36219562/,raw/SEARCH-20260722-LINEAGE-EVIDENCE-86.efetch.000000000-000000000.xml,94eefd67254be7e854a607dc0910bebae434c397d3be51be6e647927a02d2ae7
PMID:36359061,SEARCH-20260722-LINEAGE-EVIDENCE-100,NS-EVIDENCE-035,1,36359061,10.3390/ani12212938,Advanced Techniques for the Intelligent Diagnosis of Fish Diseases: A Review.,2022,Animals : an open access journal from MDPI,Daoliang Li; Xin Li; Qi Wang; Yinfeng Hao,https://pubmed.ncbi.nlm.nih.gov/36359061/,raw/SEARCH-20260722-LINEAGE-EVIDENCE-100.efetch.000000000-000000000.xml,851900a1ff4089075e21131bb0d76b4ecdb5942b0cf0b878ddcbf0efceb92c61
PMID:22306557,SEARCH-20260722-LINEAGE-EVIDENCE-101,NS-EVIDENCE-036,1,22306557,10.1093/aje/kwr444,A causal framework for understanding the effect of losses to follow-up on epidemiologic analyses in clinic-based cohorts: the case of HIV-infected patients on antiretroviral therapy in Africa.,2012,American journal of epidemiology,Elvin H Geng; David V Glidden; David R Bangsberg; Mwebesa Bosco Bwana; Nicholas Musinguzi; Denis Nash; John Z Metcalfe; Constantin T Yiannoutsos; Jeffrey N Martin; Maya L Petersen,https://pubmed.ncbi.nlm.nih.gov/22306557/,raw/SEARCH-20260722-LINEAGE-EVIDENCE-101.efetch.000000000-000000000.xml,c353864e362b6544e1adcbc4217fcbd4ed674993b7d1e426442697b2194e8215
PMID:23459950,SEARCH-20260722-LINEAGE-EVIDENCE-104,NS-EVIDENCE-039,1,23459950,10.1093/aje/kws314,Infection fatality risk of the pandemic A(H1N1)2009 virus in Hong Kong.,2013,American journal of epidemiology,Jessica Y Wong; Peng Wu; Hiroshi Nishiura; Edward Goldstein; Eric H Y Lau; Lin Yang; S K Chuang; Thomas Tsang; J S Malik Peiris; Joseph T Wu; Benjamin J Cowling,https://pubmed.ncbi.nlm.nih.gov/23459950/,raw/SEARCH-20260722-LINEAGE-EVIDENCE-104.efetch.000000000-000000000.xml,01fa35aa00b193fc9b3ec6b2e90d7f91a243c394fa896b4ef3922e0f8600d3cc
PMID:32507028,SEARCH-20260722-LINEAGE-EVIDENCE-107,NS-EVIDENCE-041,1,32507028,10.1177/0272989x20926136,Developing a Clinical Decision Support Tool for Appropriate Antibiotic Prescribing in Australian General Practice: A Simulation Study.,2020,Medical decision making : an international journal of the Society for Medical Decision Making,Jo-Anne Manski-Nankervis; Ruby Biezen; Karin Thursky; Douglas Boyle; Malcolm Clark; Sean Lo; Kirsty Buising,https://pubmed.ncbi.nlm.nih.gov/32507028/,raw/SEARCH-20260722-LINEAGE-EVIDENCE-107.efetch.000000000-000000000.xml,b9602dae95e84dda0fa7027711a3d0babdfd013db713c87a404b09f38b88f49c
PMID:20946757,SEARCH-20260722-LINEAGE-EVIDENCE-111,NS-EVIDENCE-045,1,20946757,10.2807/ese.15.40.19678-en,"Seroprevalence of 2009 pandemic influenza A(H1N1) virus in Australian blood donors, October - December 2009.",2010,Euro surveillance : bulletin Europeen sur les maladies transmissibles = European communicable disease bulletin,J McVernon; K Laurie; T Nolan; R Owen; D Irving; H Capper; C Hyland; H Faddy; L Carolan; I Barr; A Kelso,https://pubmed.ncbi.nlm.nih.gov/20946757/,raw/SEARCH-20260722-LINEAGE-EVIDENCE-111.efetch.000000000-000000000.xml,8133f4333c63122ed671d003a6e652518c73f97531f1bfe9bc73014213932f8a
PMID:32126610,SEARCH-20260722-LINEAGE-EVIDENCE-120,NS-EVIDENCE-053,1,32126610,,[Biohazards in research laboratories].,2019,Giornale italiano di medicina del lavoro ed ergonomia,Stefano Porru; Marco Chiappin; Nicolò Sfriso,https://pubmed.ncbi.nlm.nih.gov/32126610/,raw/SEARCH-20260722-LINEAGE-EVIDENCE-120.efetch.000000000-000000001.xml,bd3590bea02f38d99352da7843c5462d7512433fdfc17d28ec9f51fb0064163e
PMID:11549131,SEARCH-20260722-LINEAGE-EVIDENCE-120,NS-EVIDENCE-053,2,11549131,,"Avoiding biohazards in medical, veterinary and research laboratories.",2001,Biotechnic & histochemistry : official publication of the Biological Stain Commission,W E Grizzle; J Fredenburgh,https://pubmed.ncbi.nlm.nih.gov/11549131/,raw/SEARCH-20260722-LINEAGE-EVIDENCE-120.efetch.000000000-000000001.xml,bd3590bea02f38d99352da7843c5462d7512433fdfc17d28ec9f51fb0064163e
PMID:28641373,SEARCH-20260722-LINEAGE-EVIDENCE-122,NS-EVIDENCE-055,1,28641373,10.1093/aje/kwx251,Estimating Influenza Vaccine Effectiveness With the Test-Negative Design Using Alternative Control Groups: A Systematic Review and Meta-Analysis.,2018,American journal of epidemiology,Shuo Feng; Benjamin J Cowling; Heath Kelly; Sheena G Sullivan,https://pubmed.ncbi.nlm.nih.gov/28641373/,raw/SEARCH-20260722-LINEAGE-EVIDENCE-122.efetch.000000000-000000000.xml,efa80dc427a5923bb6d7a7e576bbe7bdb8075092a602b6c12903d95f791ad36d
PMID:20098724,SEARCH-20260722-LINEAGE-EVIDENCE-127,NS-EVIDENCE-058,1,20098724,10.1371/journal.pmed.1000218,The relationship between anti-merozoite antibodies and incidence of Plasmodium falciparum malaria: A systematic review and meta-analysis.,2010,PLoS medicine,Freya J I Fowkes; Jack S Richards; Julie A Simpson; James G Beeson,https://pubmed.ncbi.nlm.nih.gov/20098724/,raw/SEARCH-20260722-LINEAGE-EVIDENCE-127.efetch.000000000-000000000.xml,6fac9ae68f465e86a68fcfa7eefd9c1c64474c01bc971b942824fa5602af69b8
PMID:21176699,SEARCH-20260722-LINEAGE-FORECASTING-102,NS-FORECASTING-012,1,21176699,,[A study regarding the applicability of WSARE algorithms in the early warning system of infectious disease outbreaks].,2010,Zhonghua liu xing bing xue za zhi = Zhonghua liuxingbingxue zazhi,Zi-Wu Zhang; Zi-Jian Feng; Xiao-Song Li,https://pubmed.ncbi.nlm.nih.gov/21176699/,raw/SEARCH-20260722-LINEAGE-FORECASTING-102.efetch.000000000-000000000.xml,299dec6b8bffc52eeae304bc3da2059e0664869da7a1e39c9eafbb67c41c73df
PMID:28233783,SEARCH-20260722-LINEAGE-FORECASTING-107,NS-FORECASTING-016,1,28233783,10.1038/ncomms14592,Ensemble forecast of human West Nile virus cases and mosquito infection rates.,2017,Nature communications,Nicholas B DeFelice; Eliza Little; Scott R Campbell; Jeffrey Shaman,https://pubmed.ncbi.nlm.nih.gov/28233783/,raw/SEARCH-20260722-LINEAGE-FORECASTING-107.efetch.000000000-000000000.xml,36c8782bdd73170bb02de23145e1de53a3796d7fab9280d162727f6cf7bde506
PMID:38254213,SEARCH-20260722-LINEAGE-FORECASTING-122,NS-FORECASTING-028,1,38254213,10.1186/s13071-023-06112-5,A nowcast model to predict outdoor flea activity in real time for the contiguous United States.,2024,Parasites & vectors,Stella Self; Yuan Yang; Heather Walden; Michael J Yabsley; Christopher McMahan; Brian H Herrin,https://pubmed.ncbi.nlm.nih.gov/38254213/,raw/SEARCH-20260722-LINEAGE-FORECASTING-122.efetch.000000000-000000000.xml,fa725c59ee21ba62aa8f358dbcb057b550cb38a2d7a7d846c80d170e81317ce9
PMID:33340847,SEARCH-20260722-LINEAGE-FORECASTING-123,NS-FORECASTING-029,1,33340847,10.1016/j.epidem.2020.100422,"Forecasting the probability of local dengue outbreaks in Queensland, Australia.",2021,Epidemics,Jessica Liebig; Frank de Hoog; Dean Paini; Raja Jurdak,https://pubmed.ncbi.nlm.nih.gov/33340847/,raw/SEARCH-20260722-LINEAGE-FORECASTING-123.efetch.000000000-000000000.xml,0293044193a5e5536f4df5a516ad607c8fb736bc0f21343d5b1f4351e54e3a22
PMID:40609560,SEARCH-20260722-LINEAGE-FORECASTING-126,NS-FORECASTING-031,1,40609560,10.1016/s0140-6736(25)01186-9,Evaluating the impact of two decades of USAID interventions and projecting the effects of defunding on mortality up to 2030: a retrospective impact evaluation and forecasting analysis.,2025,"Lancet (London, England)",Daniella Medeiros Cavalcanti; Lucas de Oliveira Ferreira de Sales; Andrea Ferreira da Silva; Elisa Landin Basterra; Daiana Pena; Caterina Monti; Gonzalo Barreix; Natanael J Silva; Paula Vaz; Francisco Saute; Gonzalo Fanjul; Quique Bassat; Denise Naniche; James Macinko; Davide Rasella,https://pubmed.ncbi.nlm.nih.gov/40609560/,raw/SEARCH-20260722-LINEAGE-FORECASTING-126.efetch.000000000-000000000.xml,ac498aed1f7d6b3bfee61cabb50388f3378faf29f24ae5872a8e5d252cc46168
PMID:31573952,SEARCH-20260722-LINEAGE-FORECASTING-143,NS-FORECASTING-047,1,31573952,10.2196/13941,"A Fully Integrated Real-Time Detection, Diagnosis, and Control of Community Diarrheal Disease Clusters and Outbreaks (the INTEGRATE Project): Protocol for an Enhanced Surveillance System.",2019,JMIR research protocols,Kirsty Marie McIntyre; Frederick J Bolton; Rob M Christley; Paul Cleary; Elizabeth Deja; Ann E Durie; Peter J Diggle; Dyfrig A Hughes; Simon de Lusignan; Lois Orton; Alan D Radford; Alex J Elliot; Gillian E Smith; Darlene A Snape; Debbi Stanistreet; Roberto Vivancos; Craig Winstanley; Sarah J O'Brien,https://pubmed.ncbi.nlm.nih.gov/31573952/,raw/SEARCH-20260722-LINEAGE-FORECASTING-143.efetch.000000000-000000000.xml,19a8aa19ff86c66f98d009bfa766b1336235653ffb20d55ac2ffec48aa8f3c78
PMID:22093879,SEARCH-20260722-LINEAGE-FORECASTING-148,NS-FORECASTING-051,1,22093879,10.1017/s0950268811002330,"Dynamics of Escherichia coli O157:H7 outbreak detection and investigation, Minnesota 2000-2008.",2012,Epidemiology and infection,J M Rounds; D J Boxrud; S L Jawahir; K E Smith,https://pubmed.ncbi.nlm.nih.gov/22093879/,raw/SEARCH-20260722-LINEAGE-FORECASTING-148.efetch.000000000-000000000.xml,67a8b90e114f31dc3c34951c4efe604c374e49fc867121ab4fcdae0c95a75b19
PMID:36496364,SEARCH-20260722-LINEAGE-FORECASTING-152,NS-FORECASTING-055,1,36496364,10.1186/s12879-022-07911-4,"Using time-dependent reproduction number to predict turning points of COVID-19 outbreak in Dalian, Liaoning province, China.",2022,BMC infectious diseases,Qingyu An; Jun Wu; Jin Jian Bai; Xiaofeng Li,https://pubmed.ncbi.nlm.nih.gov/36496364/,raw/SEARCH-20260722-LINEAGE-FORECASTING-152.efetch.000000000-000000000.xml,68109501d7f60f70d6094917d1601926599f0983d1943dda20e3fdd018f1c254
PMID:21210241,SEARCH-20260722-LINEAGE-FORECASTING-169,NS-FORECASTING-069,1,21210241,10.1007/s11538-010-9623-3,The final size of an epidemic and its relation to the basic reproduction number.,2011,Bulletin of mathematical biology,Viggo Andreasen,https://pubmed.ncbi.nlm.nih.gov/21210241/,raw/SEARCH-20260722-LINEAGE-FORECASTING-169.efetch.000000000-000000000.xml,3dc49cc751e7eebc8567ef52751fde79788a9c44be4fd5608412f481c3323578
PMID:34151970,SEARCH-20260722-LINEAGE-FORECASTING-170,NS-FORECASTING-070,1,34151970,10.1093/ije/dyab108,"Constructing and adjusting estimates for household transmission of SARS-CoV-2 from prior studies, widespread-testing and contact-tracing data.",2021,International journal of epidemiology,Mihaela Curmei; Andrew Ilyas; Owain Evans; Jacob Steinhardt,https://pubmed.ncbi.nlm.nih.gov/34151970/,raw/SEARCH-20260722-LINEAGE-FORECASTING-170.efetch.000000000-000000000.xml,bb14192b014c56ea33a56a49e5bfccc1cf45f6e073be7ef86bb463173bc9662c
PMID:38457405,SEARCH-20260722-LINEAGE-FORECASTING-175,NS-FORECASTING-075,1,38457405,10.1371/journal.pone.0299953,Forecasting weekly dengue incidence in Sri Lanka: Modified Autoregressive Integrated Moving Average modeling approach.,2024,PloS one,Nilantha Karasinghe; Sarath Peiris; Ruwan Jayathilaka; Thanuja Dharmasena,https://pubmed.ncbi.nlm.nih.gov/38457405/,raw/SEARCH-20260722-LINEAGE-FORECASTING-175.efetch.000000000-000000000.xml,bae7167cbe2fba0214e395c9c54f77a7ec259aa3ec53843e1b2ced83a2c75ab5
PMID:32677705,SEARCH-20260722-LINEAGE-FORECASTING-185,NS-FORECASTING-082,1,32677705,10.4414/smw.2020.20313,Data-driven inference of the reproduction number for COVID-19 before and after interventions for 51 European countries.,2020,Swiss medical weekly,Petr Karnakov; Georgios Arampatzis; Ivica Kičić; Fabian Wermelinger; Daniel Wälchli; Costas Papadimitriou; Petros Koumoutsakos,https://pubmed.ncbi.nlm.nih.gov/32677705/,raw/SEARCH-20260722-LINEAGE-FORECASTING-185.efetch.000000000-000000000.xml,90093239178a16475d104dcace547eb665f4375b75d051316bfecde855bf460a
PMID:34182036,SEARCH-20260722-LINEAGE-FORECASTING-188,NS-FORECASTING-084,1,34182036,10.1016/j.tmaid.2021.102133,Probability and estimated risk of SARS-CoV-2 transmission in the air travel system.,2021,Travel medicine and infectious disease,Jenna K Pang; Stephen P Jones; Lindsay L Waite; Nels A Olson; Jason W Armstrong; Robert J Atmur; Joshua J Cummins,https://pubmed.ncbi.nlm.nih.gov/34182036/,raw/SEARCH-20260722-LINEAGE-FORECASTING-188.efetch.000000000-000000000.xml,ea7b1bbfa861ad7c5b4ac314021234f206c2dc45ec3921fe57e4c3e9cbe7fe07
PMID:20588171,SEARCH-20260722-LINEAGE-SIMULATION-36,NS-SIMULATION-002,1,20588171,10.1097/qad.0b013e32833af85d,Expanding access to HAART: a cost-effective approach for treating and preventing HIV.,2010,"AIDS (London, England)",Karissa M Johnston; Adrian R Levy; Viviane D Lima; Robert S Hogg; Mark W Tyndall; Paul Gustafson; Andrew Briggs; Julio S Montaner,https://pubmed.ncbi.nlm.nih.gov/20588171/,raw/SEARCH-20260722-LINEAGE-SIMULATION-36.efetch.000000000-000000000.xml,8ff6c9f7f22e9d9b8c0fa403efffc51cae2d58c828af3e3668e2bb49f2dbf461
PMID:35118478,SEARCH-20260722-LINEAGE-SIMULATION-37,NS-SIMULATION-003,1,35118478,10.1101/2022.01.24.22269769,Designing isolation guidelines for COVID-19 patients utilizing rapid antigen tests: a simulation study using viral dynamics models.,2022,medRxiv : the preprint server for health sciences,Yong Dam Jeong; Keisuke Ejima; Kwang Su Kim; Woo Joohyeon; Shoya Iwanami; Yasuhisa Fujita; Il Hyo Jung; Kenji Shibuya; Shingo Iwami; Ana I Bento; Marco Ajelli,https://pubmed.ncbi.nlm.nih.gov/35118478/,raw/SEARCH-20260722-LINEAGE-SIMULATION-37.efetch.000000000-000000000.xml,f286dbc342946a454414b02b3de059cc13698ba27bbb2125516fed6febaead8b
PMID:22367770,SEARCH-20260722-LINEAGE-SIMULATION-40,NS-SIMULATION-006,1,22367770,10.1093/heapol/czs011,Allocating scarce financial resources for HIV treatment: benchmarking prices of antiretroviral medicines in Latin America.,2012,Health policy and planning,Veronika J Wirtz; Yared Santa-Ana-Tellez; Clinton H Trout; Warren A Kaplan,https://pubmed.ncbi.nlm.nih.gov/22367770/,raw/SEARCH-20260722-LINEAGE-SIMULATION-40.efetch.000000000-000000000.xml,02381c5960da10f781508221801bfdf77ad24a63ab46587f1298752af424a5f6
PMID:34389789,SEARCH-20260722-LINEAGE-SIMULATION-42,NS-SIMULATION-007,1,34389789,10.1038/s41598-021-95919-2,A machine learning approach identifies 5-ASA and ulcerative colitis as being linked with higher COVID-19 mortality in patients with IBD.,2021,Scientific reports,Satyaki Roy; Shehzad Z Sheikh; Terrence S Furey,https://pubmed.ncbi.nlm.nih.gov/34389789/,raw/SEARCH-20260722-LINEAGE-SIMULATION-42.efetch.000000000-000000000.xml,ab7c45b03d9246f19ccbad8271c1b2b8c9c3afa32bb42089923f1e332f36e209
PMID:27034253,SEARCH-20260722-LINEAGE-SIMULATION-47,NS-SIMULATION-011,1,27034253,10.1016/j.jhep.2016.03.013,HBcrAg predicts hepatocellular carcinoma development: An analysis using time-dependent receiver operating characteristics.,2016,Journal of hepatology,Toshifumi Tada; Takashi Kumada; Hidenori Toyoda; Seiki Kiriyama; Makoto Tanikawa; Yasuhiro Hisanaga; Akira Kanamori; Shusuke Kitabatake; Tsuyoki Yama; Junko Tanaka,https://pubmed.ncbi.nlm.nih.gov/27034253/,raw/SEARCH-20260722-LINEAGE-SIMULATION-47.efetch.000000000-000000000.xml,4398cf1dba9fc732b8d6cf55b82e5639081ad884769e7aeca28f7c4c03fa6aab
PMID:20377577,SEARCH-20260722-LINEAGE-SIMULATION-48,NS-SIMULATION-012,1,20377577,10.1111/j.1541-0420.2010.01418.x,Joint modeling of the clinical progression and of the biomarkers' dynamics using a mechanistic model.,2011,Biometrics,Jeremie Guedj; Rodolphe Thiébaut; Daniel Commenges,https://pubmed.ncbi.nlm.nih.gov/20377577/,raw/SEARCH-20260722-LINEAGE-SIMULATION-48.efetch.000000000-000000000.xml,32e461459a958c7e83f6c656a56cf5560292dca92b71423f7dbe25cfa8a90fc0
PMID:36928234,SEARCH-20260722-LINEAGE-SIMULATION-50,NS-SIMULATION-014,1,36928234,10.2196/45810,Correction: Effectiveness of Secondary Risk-Reducing Strategies in Patients With Unilateral Breast Cancer With Pathogenic Variants of BRCA1 and BRCA2 Subjected to Breast-Conserving Surgery: Evidence-Based Simulation Study.,2023,JMIR formative research,Jelena Maksimenko; Pedro Pereira Rodrigues; Miki Nakazawa-Miklaševiča; David Pinto; Edvins Miklaševičs; Genadijs Trofimovičs; Jānis Gardovskis; Fatima Cardoso; Maria João Cardoso,https://pubmed.ncbi.nlm.nih.gov/36928234/,raw/SEARCH-20260722-LINEAGE-SIMULATION-50.efetch.000000000-000000000.xml,2db21c950fce1bacabbf7f58f16f72c1fe5c5e685470cb71c892ad7104df50eb
PMID:28684777,SEARCH-20260722-LINEAGE-SIMULATION-54,NS-SIMULATION-017,1,28684777,10.1038/s41598-017-03868-6,Optimizing sentinel surveillance in temporal network epidemiology.,2017,Scientific reports,Yuan Bai; Bo Yang; Lijuan Lin; Jose L Herrera; Zhanwei Du; Petter Holme,https://pubmed.ncbi.nlm.nih.gov/28684777/,raw/SEARCH-20260722-LINEAGE-SIMULATION-54.efetch.000000000-000000000.xml,f1d9234f97d01f4d25be915413b89642e64034a12b7972c1fa37eb3487b75bff
PMID:37812187,SEARCH-20260722-LINEAGE-SIMULATION-56,NS-SIMULATION-019,1,37812187,10.1080/15459624.2023.2268727,Donning and doffing of personal protective equipment for health care workers in a tertiary hospital in China: A simulation study.,2024,Journal of occupational and environmental hygiene,Jiajia Tu; Fang Liu; Kexuan Wang; Yiping Mao; Qi Qi; Jie Zhang,https://pubmed.ncbi.nlm.nih.gov/37812187/,raw/SEARCH-20260722-LINEAGE-SIMULATION-56.efetch.000000000-000000000.xml,956904b32fbba2f93ad1264f96fabfc75668d2fc1b2e818b8e27f41814cf151f
PMID:30388998,SEARCH-20260722-LINEAGE-SIMULATION-61,NS-SIMULATION-023,1,30388998,10.1016/j.prevetmed.2018.09.022,A cost-benefit assessment of Salmonella-control strategies in pigs reared in the United Kingdom.,2018,Preventive veterinary medicine,C Gavin; R R L Simons; A D C Berriman; D Moorhouse; E L Snary; R P Smith; A A Hill,https://pubmed.ncbi.nlm.nih.gov/30388998/,raw/SEARCH-20260722-LINEAGE-SIMULATION-61.efetch.000000000-000000000.xml,b4c1a744a04039a1c7a307cf090ee0980d663b5d8822fa18318122cfefbacd6e
PMID:39604723,SEARCH-20260722-LINEAGE-SIMULATION-65,NS-SIMULATION-025,1,39604723,10.1007/s10729-024-09693-4,"Assessing the performance of Portuguese public hospitals before and during COVID-19 outbreak, with optimistic and pessimistic benchmarking approaches.",2025,Health care management science,Guilherme Mendes Vara; Marta Castilho Gomes; Diogo Cunha Ferreira,https://pubmed.ncbi.nlm.nih.gov/39604723/,raw/SEARCH-20260722-LINEAGE-SIMULATION-65.efetch.000000000-000000000.xml,52e7a0e3e9f53b7bbb28b60c833a39bff3b3a133b3fdbd153281d764c6949d52
PMID:20230547,SEARCH-20260722-LINEAGE-SIMULATION-67,NS-SIMULATION-027,1,20230547,10.1111/j.1524-4733.2010.00698.x,Empirically evaluating decision-analytic models.,2010,Value in health : the journal of the International Society for Pharmacoeconomics and Outcomes Research,Jeremy D Goldhaber-Fiebert; Natasha K Stout; Sue J Goldie,https://pubmed.ncbi.nlm.nih.gov/20230547/,raw/SEARCH-20260722-LINEAGE-SIMULATION-67.efetch.000000000-000000000.xml,2e6833417852510e1f44536f126bfaabfc3464b25629975073f49bf77b552ff3
PMID:27015875,SEARCH-20260722-LINEAGE-SIMULATION-68,NS-SIMULATION-028,1,27015875,10.1093/aje/kwv287,Quantity Versus Quality: A Survey Experiment to Improve the Network Scale-up Method.,2016,American journal of epidemiology,Dennis M Feehan; Aline Umubyeyi; Mary Mahy; Wolfgang Hladik; Matthew J Salganik,https://pubmed.ncbi.nlm.nih.gov/27015875/,raw/SEARCH-20260722-LINEAGE-SIMULATION-68.efetch.000000000-000000000.xml,daf1cccc549ab14a910d87109059989fcc49b85e148db64431939b9d8841071f
PMID:29372115,SEARCH-20260722-LINEAGE-SIMULATION-71,NS-SIMULATION-031,1,29372115,10.7717/peerj.3893,"Benchmark datasets for phylogenomic pipeline validation, applications for foodborne pathogen surveillance.",2017,PeerJ,Ruth E Timme; Hugh Rand; Martin Shumway; Eija K Trees; Mustafa Simmons; Richa Agarwala; Steven Davis; Glenn E Tillman; Stephanie Defibaugh-Chavez; Heather A Carleton; William A Klimke; Lee S Katz,https://pubmed.ncbi.nlm.nih.gov/29372115/,raw/SEARCH-20260722-LINEAGE-SIMULATION-71.efetch.000000000-000000000.xml,ba3da7f47518528ccb21c4e21b3a988b2395e60d4b9de27c1aa6300215b90aa3
PMID:33906237,SEARCH-20260722-LINEAGE-SIMULATION-73,NS-SIMULATION-032,1,33906237,10.1093/cid/ciab195,Impact of Key Assumptions About the Population Biology of Soil-Transmitted Helminths on the Sustainable Control of Morbidity.,2021,Clinical infectious diseases : an official publication of the Infectious Diseases Society of America,Carolin Vegvari; Federica Giardina; Veronica Malizia; Sake J de Vlas; Luc E Coffeng; Roy M Anderson,https://pubmed.ncbi.nlm.nih.gov/33906237/,raw/SEARCH-20260722-LINEAGE-SIMULATION-73.efetch.000000000-000000000.xml,dd210ed4db5168eff964939d522ace2d1e12dc88081b83613c5ff9dbe6bcd50a
PMID:20075214,SEARCH-20260722-LINEAGE-SPATIAL-59,NS-SPATIAL-002,1,20075214,10.1126/science.1180556,Evolutionary dynamics of complex networks of HIV drug-resistant strains: the case of San Francisco.,2010,"Science (New York, N.Y.)",Robert J Smith; Justin T Okano; James S Kahn; Erin N Bodine; Sally Blower,https://pubmed.ncbi.nlm.nih.gov/20075214/,raw/SEARCH-20260722-LINEAGE-SPATIAL-59.efetch.000000000-000000000.xml,9112d3c9f9731d07622f0b2df3b19be345c3e12b1a2388efb9e98168ebd89c0d
PMID:27309050,SEARCH-20260722-LINEAGE-SPATIAL-64,NS-SPATIAL-007,1,27309050,10.1637/11106-042115-reg,The Use of Spatial and Spatiotemporal Modeling for Surveillance of H5N1 Highly Pathogenic Avian Influenza in Poultry in the Middle East.,2016,Avian diseases,Mohammad Alkhamis; Robert J Hijmans; Abdullah Al-Enezi; Beatriz Martínez-López; Andres M Perea,https://pubmed.ncbi.nlm.nih.gov/27309050/,raw/SEARCH-20260722-LINEAGE-SPATIAL-64.efetch.000000000-000000000.xml,2d8f27a9a878de728c76a261eee1c307409f33363ccb29b7039754f55b37e6b0
PMID:30252017,SEARCH-20260722-LINEAGE-SPATIAL-66,NS-SPATIAL-009,1,30252017,10.1093/aje/kwy209,Spatiotemporal Patterns and Diffusion of the 1918 Influenza Pandemic in British India.,2018,American journal of epidemiology,Olivia Reyes; Elizabeth C Lee; Pratha Sah; Cécile Viboud; Siddharth Chandra; Shweta Bansal,https://pubmed.ncbi.nlm.nih.gov/30252017/,raw/SEARCH-20260722-LINEAGE-SPATIAL-66.efetch.000000000-000000000.xml,cf061bac0dc52cd200601914495936eb2358ccb03f29b2b7ea44f802ccb66ba6
PMID:42230614,SEARCH-20260722-LINEAGE-SPATIAL-81,NS-SPATIAL-023,1,42230614,10.1038/s41467-026-73445-x,Uncovering latent urban mobility patterns via smart-card and survey data fusion.,2026,Nature communications,Khoa D Vo; Seung Woo Ham; Mousumi Roy; Swapnil Mishra; Prateek Bansal,https://pubmed.ncbi.nlm.nih.gov/42230614/,raw/SEARCH-20260722-LINEAGE-SPATIAL-81.efetch.000000000-000000000.xml,e32dee8edf8af52c6b183c72b381bf9f660e8d446677bb619f77c8daac7325c5
PMID:20335193,SEARCH-20260722-LINEAGE-SPATIAL-85,NS-SPATIAL-027,1,20335193,10.1098/rsif.2010.0007,"A two-tiered model for simulating the ecological and evolutionary dynamics of rapidly evolving viruses, with an application to influenza.",2010,"Journal of the Royal Society, Interface",Katia Koelle; Priya Khatri; Meredith Kamradt; Thomas B Kepler,https://pubmed.ncbi.nlm.nih.gov/20335193/,raw/SEARCH-20260722-LINEAGE-SPATIAL-85.efetch.000000000-000000000.xml,43f0b370a754545ee1a7154755bb07b85b92f5108549d117553e63832c36c260
PMID:20819104,SEARCH-20260722-LINEAGE-SPATIAL-88,NS-SPATIAL-030,1,20819104,10.1111/j.1462-2920.2010.02328.x,Metapopulation structure of Vibrionaceae among coastal marine invertebrates.,2011,Environmental microbiology,Sarah P Preheim; Yan Boucher; Hans Wildschutte; Lawrence A David; Daniele Veneziano; Eric J Alm; Martin F Polz,https://pubmed.ncbi.nlm.nih.gov/20819104/,raw/SEARCH-20260722-LINEAGE-SPATIAL-88.efetch.000000000-000000000.xml,0e0e05ac965bdadb8e80afa75be7b9fc9a9fd8abc57e9dc639ec63c8fc27775a
PMID:38691213,SEARCH-20260722-LINEAGE-SPATIAL-99,NS-SPATIAL-039,1,38691213,10.1007/s00285-024-02097-6,Threshold dynamics of a reaction-advection-diffusion schistosomiasis epidemic model with seasonality and spatial heterogeneity.,2024,Journal of mathematical biology,Peng Wu; Yurij Salmaniw; Xiunan Wang,https://pubmed.ncbi.nlm.nih.gov/38691213/,raw/SEARCH-20260722-LINEAGE-SPATIAL-99.efetch.000000000-000000002.xml,a7c31f1020a2cceea97bfe5a1a633498866c25f8544938fe7b0d8484841221fc
PMID:31499744,SEARCH-20260722-LINEAGE-SPATIAL-99,NS-SPATIAL-039,2,31499744,10.3934/mbe.2019295,Influence of spatial heterogeneous environment on long-term dynamics of a reaction-diffusion SVIR epidemic model with relaps.,2019,Mathematical biosciences and engineering : MBE,Cheng-Cheng Zhu; Jiang Zhu; Xiao-Lan Liu,https://pubmed.ncbi.nlm.nih.gov/31499744/,raw/SEARCH-20260722-LINEAGE-SPATIAL-99.efetch.000000000-000000002.xml,a7c31f1020a2cceea97bfe5a1a633498866c25f8544938fe7b0d8484841221fc
PMID:32362717,SEARCH-20260722-LINEAGE-SPATIAL-99,NS-SPATIAL-039,3,32362717,10.1016/j.physa.2014.04.028,Dynamics of an epidemic model with spatial diffusion.,2014,Physica A,Tao Wang,https://pubmed.ncbi.nlm.nih.gov/32362717/,raw/SEARCH-20260722-LINEAGE-SPATIAL-99.efetch.000000000-000000002.xml,a7c31f1020a2cceea97bfe5a1a633498866c25f8544938fe7b0d8484841221fc
PMID:27884172,SEARCH-20260722-LINEAGE-SPATIAL-106,NS-SPATIAL-044,1,27884172,10.1186/s13071-016-1879-5,Spatial distribution and trypanosome infection of tsetse flies in the sleeping sickness focus of Zimbabwe in Hurungwe District.,2016,Parasites & vectors,William Shereni; Neil E Anderson; Learnmore Nyakupinda; Giuliano Cecchi,https://pubmed.ncbi.nlm.nih.gov/27884172/,raw/SEARCH-20260722-LINEAGE-SPATIAL-106.efetch.000000000-000000000.xml,3bd5789c24584df8330ad1ab1f5e9082f1b8f198f58d32c858c855d19e890554
PMID:24630403,SEARCH-20260722-LINEAGE-SPATIAL-109,NS-SPATIAL-046,1,24630403,10.1016/j.prevetmed.2014.02.004,Modelling the continental-scale spread of Schmallenberg virus in Europe: approaches and challenges.,2014,Preventive veterinary medicine,Simon Gubbins; Jane Richardson; Matthew Baylis; Anthony J Wilson; José Cortiñas Abrahantes,https://pubmed.ncbi.nlm.nih.gov/24630403/,raw/SEARCH-20260722-LINEAGE-SPATIAL-109.efetch.000000000-000000000.xml,ded7c6f47887b4985f3d8dfd87881bc6008c04fe6a0843ef53e2b3ff95bd9428
PMID:41323145,SEARCH-20260722-LINEAGE-SPATIAL-117,NS-SPATIAL-054,1,41323145,10.1155/tbed/8850856,Risk Mapping of African Swine Fever in Domestic Pigs and Wild Boars to Enhance Management and Surveillance in Asia.,2025,Transboundary and emerging diseases,Nijiho Kawaguchi; Cecilia Aguilar-Vega; Michihito Sasaki; Yasuko Orba; Hirofumi Sawa; José Manuel Sánchez-Vizcaíno; Norikazu Isoda; Jaime Bosch; Satoshi Ito,https://pubmed.ncbi.nlm.nih.gov/41323145/,raw/SEARCH-20260722-LINEAGE-SPATIAL-117.efetch.000000000-000000000.xml,4e4ef91a08f66f530c7a2c5c559747a4d6ef63b5ca55c5d6d16aa297c432a07f
PMID:38484539,SEARCH-20260722-LINEAGE-SURVEILLANCE-105,NS-SURVEILLANCE-006,1,38484539,10.1016/j.ttbdis.2024.102332,Web search volume as a near-real-time complementary surveillance tool of tick-borne encephalitis (TBE) in Italy.,2024,Ticks and tick-borne diseases,Alexander Domnich; Allegra Ferrari; Matilde Ogliastro; Andrea Orsi; Giancarlo Icardi,https://pubmed.ncbi.nlm.nih.gov/38484539/,raw/SEARCH-20260722-LINEAGE-SURVEILLANCE-105.efetch.000000000-000000000.xml,bd9e1d6168d2b95a9625846b3fef2d725f9d42b408edf9f22e0812a1ee3780e4
PMID:36428010,SEARCH-20260722-LINEAGE-SURVEILLANCE-106,NS-SURVEILLANCE-007,1,36428010,10.1136/bmjopen-2021-049689,Magnitude of COVID-19 deaths relative to other leading causes of death: a global analysis.,2022,BMJ open,Eunice Y S Chan; Davy Cheng; Janet Martin,https://pubmed.ncbi.nlm.nih.gov/36428010/,raw/SEARCH-20260722-LINEAGE-SURVEILLANCE-106.efetch.000000000-000000000.xml,fcb118c4bd65e5dabbbdfa5fda99ffa993b250acffc93309ff613a7917660333
PMID:21041629,SEARCH-20260722-LINEAGE-SURVEILLANCE-110,NS-SURVEILLANCE-011,1,21041629,10.1073/pnas.1007068107,Exposing malaria in-host diversity and estimating population diversity by capture-recapture using massively parallel pyrosequencing.,2010,Proceedings of the National Academy of Sciences of the United States of America,Jonathan J Juliano; Kimberly Porter; Victor Mwapasa; Rithy Sem; William O Rogers; Frédéric Ariey; Chansuda Wongsrichanalai; Andrew Read; Steven R Meshnick,https://pubmed.ncbi.nlm.nih.gov/21041629/,raw/SEARCH-20260722-LINEAGE-SURVEILLANCE-110.efetch.000000000-000000000.xml,d1f9b4960732fcbd3348f5f7175cf9a5011405dc768f493f20b27f6d6e5ac3d0
PMID:26258908,SEARCH-20260722-LINEAGE-SURVEILLANCE-113,NS-SURVEILLANCE-013,1,26258908,10.1097/ede.0000000000000362,Estimating the Size of Hidden Populations Using Respondent-driven Sampling Data: Case Examples from Morocco.,2015,"Epidemiology (Cambridge, Mass.)",Lisa G Johnston; Katherine R McLaughlin; Houssine El Rhilani; Amina Latifi; Abdalla Toufik; Aziza Bennani; Kamal Alami; Boutaina Elomari; Mark S Handcock,https://pubmed.ncbi.nlm.nih.gov/26258908/,raw/SEARCH-20260722-LINEAGE-SURVEILLANCE-113.efetch.000000000-000000000.xml,c01be3c776fba1908698975dd3389c40ed0046afb6a5aa6921a636723006b4e6
PMID:26004907,SEARCH-20260722-LINEAGE-SURVEILLANCE-121,NS-SURVEILLANCE-020,1,26004907,10.1016/j.ajic.2015.03.031,"Estimating central line-associated bloodstream infection incidence rates by sampling of denominator data: A prospective, multicenter evaluation.",2015,American journal of infection control,Nicola D Thompson; Jonathan R Edwards; Wendy Bamberg; Zintars G Beldavs; Ghinwa Dumyati; Deborah Godine; Meghan Maloney; Marion Kainer; Susan Ray; Deborah Thompson; Lucy Wilson; Shelley S Magill,https://pubmed.ncbi.nlm.nih.gov/26004907/,raw/SEARCH-20260722-LINEAGE-SURVEILLANCE-121.efetch.000000000-000000000.xml,f06d22ebaf82cd0053bf46d4431eac2480661acaed1841041d858683f90e82df
PMID:32820716,SEARCH-20260722-LINEAGE-SURVEILLANCE-125,NS-SURVEILLANCE-023,1,32820716,10.2807/1560-7917.es.2020.25.33.1900584,"Do changes in STEC diagnostics mislead interpretation of disease surveillance data in Switzerland? Time trends in positivity, 2007 to 2016.",2020,Euro surveillance : bulletin Europeen sur les maladies transmissibles = European communicable disease bulletin,Fabienne Beatrice Fischer; Apolline Saucy; Claudia Schmutz; Daniel Mäusezahl,https://pubmed.ncbi.nlm.nih.gov/32820716/,raw/SEARCH-20260722-LINEAGE-SURVEILLANCE-125.efetch.000000000-000000000.xml,2c2ea829b086d80eeb67938eeb2ab7de6f7ecd36a79ab24fc6bfa9791dff45c7
PMID:21711291,SEARCH-20260722-LINEAGE-SURVEILLANCE-127,NS-SURVEILLANCE-025,1,21711291,10.1111/j.1751-0813.2011.00749.x,"Significant features of the epidemiology of equine influenza in New South Wales, Australia, 2007.",2011,Australian veterinary journal,B Moloney; E S G Sergeant; C Taragel; P Buckley,https://pubmed.ncbi.nlm.nih.gov/21711291/,raw/SEARCH-20260722-LINEAGE-SURVEILLANCE-127.efetch.000000000-000000000.xml,b51898b36f664888137f2aa873398e9dbb02a5ef41d78e37ce64787f9169a830
PMID:38823290,SEARCH-20260722-LINEAGE-SURVEILLANCE-128,NS-SURVEILLANCE-026,1,38823290,10.1016/j.jcv.2024.105695,Multicenter benchmarking of short and long read wet lab protocols for clinical viral metagenomics.,2024,Journal of clinical virology : the official publication of the Pan American Society for Clinical Virology,F Xavier Lopez-Labrador; Michael Huber; Igor A Sidorov; Julianne R Brown; Lize Cuypers; Lies Laenen; Bert Vanmechelen; Piet Maes; Nicole Fischer; Ian Pichler; Nathaniel Storey; Laura Atkinson; Stefan Schmutz; Verena Kufner; Sander van Boheemen; Claudia E Mulders; Adam Grundhoff; Patrick Blümke; Alexis Robitaille; Ondrej Cinek; Klára Hubáčková; Kees Mourik; Stefan A Boers; Lea Stauber; Maud Salmona; Pierre Cappy; Alban Ramette; Alessandra Franze'; Jerome LeGoff; Eric C J Claas; Christophe Rodriguez; Jutte J C de Vries; European Society of Clinical Virology (ESCV) Network on Next-Generation Sequencing (ENNGS),https://pubmed.ncbi.nlm.nih.gov/38823290/,raw/SEARCH-20260722-LINEAGE-SURVEILLANCE-128.efetch.000000000-000000000.xml,5d48c2c7c61e99f479ead89db491e366c7d79623ecbbd6cfbc579a48361e8155
PMID:20562627,SEARCH-20260722-LINEAGE-SURVEILLANCE-130,NS-SURVEILLANCE-028,1,20562627,10.1097/ede.0b013e3181e4c4d5,Estimating the proportion of pneumonia attributable to pneumococcus in Kenyan adults: latent class analysis.,2010,"Epidemiology (Cambridge, Mass.)",Jukka Jokinen; J Anthony G Scott,https://pubmed.ncbi.nlm.nih.gov/20562627/,raw/SEARCH-20260722-LINEAGE-SURVEILLANCE-130.efetch.000000000-000000000.xml,4a0eae79cf8d620e8276f30b3da23dc48a0d3568f83c91815d9abd9f95f64d4b
PMID:34650062,SEARCH-20260722-LINEAGE-SURVEILLANCE-148,NS-SURVEILLANCE-041,1,34650062,10.1038/s41467-021-26267-y,Rapid incidence estimation from SARS-CoV-2 genomes reveals decreased case detection in Europe during summer 2020.,2021,Nature communications,Maureen Rebecca Smith; Maria Trofimova; Ariane Weber; Yannick Duport; Denise Kühnert; Max von Kleist,https://pubmed.ncbi.nlm.nih.gov/34650062/,raw/SEARCH-20260722-LINEAGE-SURVEILLANCE-148.efetch.000000000-000000000.xml,482b779e6db7a4346dd083c7bbecd895575cca36889f7e068d4b4273989025b0
PMID:20218877,SEARCH-20260722-LINEAGE-SURVEILLANCE-175,NS-SURVEILLANCE-066,1,20218877,10.1086/651263,"Prospective surveillance for invasive fungal infections in hematopoietic stem cell transplant recipients, 2001-2006: overview of the Transplant-Associated Infection Surveillance Network (TRANSNET) Database.",2010,Clinical infectious diseases : an official publication of the Infectious Diseases Society of America,Dimitrios P Kontoyiannis; Kieren A Marr; Benjamin J Park; Barbara D Alexander; Elias J Anaissie; Thomas J Walsh; James Ito; David R Andes; John W Baddley; Janice M Brown; Lisa M Brumble; Alison G Freifeld; Susan Hadley; Loreen A Herwaldt; Carol A Kauffman; Katherine Knapp; G Marshall Lyon; Vicki A Morrison; Genovefa Papanicolaou; Thomas F Patterson; Trish M Perl; Mindy G Schuster; Randall Walker; Kathleen A Wannemuehler; John R Wingard; Tom M Chiller; Peter G Pappas,https://pubmed.ncbi.nlm.nih.gov/20218877/,raw/SEARCH-20260722-LINEAGE-SURVEILLANCE-175.efetch.000000000-000000000.xml,b53c331aba8ce38944f8a79f2f1c53ff48d4beb576d09690d338c1ed221741f7
PMID:39575793,SEARCH-20260722-LINEAGE-SURVEILLANCE-194,NS-SURVEILLANCE-083,1,39575793,10.3233/shti241076,"Implementation and Evaluation of Automated, Online Study Recruitment from Computerised Medical Records in a Primary Care Sentinel Surveillance Network.",2024,Studies in health technology and informatics,Darius Oraee; Elizabeth Button; Vanashree Sexton; Karin Andre; Filipa Ferreira; Aileen Mill; Stephen Rushton; Ben W Rowland; Uy Hoang; Simon de Lusignan,https://pubmed.ncbi.nlm.nih.gov/39575793/,raw/SEARCH-20260722-LINEAGE-SURVEILLANCE-194.efetch.000000000-000000000.xml,82a962764180de486c7408fa5999b4025b960bb4d26051e91d4fdcea51954c9b
PMID:24612900,SEARCH-20260722-LINEAGE-FORECASTING-194,NS-FORECASTING-080,1,24612900,10.1186/1471-2334-14-136,How should social mixing be measured: comparing web-based survey and sensor-based methods.,2014,BMC infectious diseases,Timo Smieszek; Victoria C Barclay; Indulaxmi Seeni; Jeanette J Rainey; Hongjiang Gao; Amra Uzicanin; Marcel Salathé,https://pubmed.ncbi.nlm.nih.gov/24612900/,raw/SEARCH-20260722-LINEAGE-FORECASTING-194.efetch.000000000-000000000.xml,a9e90466d82f8d46ae8defa7abc82584721cf0aff38e02f00cf054a3b5de092e
