durable_checkpoint_query_id,archived_execution_date_query_id,named_source_id,raw_content_preserved
SEARCH-20260719-LINEAGE-CAUSAL-15,SEARCH-20260722-LINEAGE-CAUSAL-115,NS-CAUSAL-015,true
SEARCH-20260719-LINEAGE-CAUSAL-20,SEARCH-20260722-LINEAGE-CAUSAL-121,NS-CAUSAL-020,true
SEARCH-20260718-LINEAGE-CAUSAL-20,SEARCH-20260722-LINEAGE-CAUSAL-122,NS-CAUSAL-020,true
SEARCH-20260719-LINEAGE-CAUSAL-24,SEARCH-20260722-LINEAGE-CAUSAL-126,NS-CAUSAL-024,true
SEARCH-20260719-LINEAGE-CAUSAL-33,SEARCH-20260722-LINEAGE-CAUSAL-137,NS-CAUSAL-033,true
SEARCH-20260719-LINEAGE-CAUSAL-36,SEARCH-20260722-LINEAGE-CAUSAL-142,NS-CAUSAL-036,true
SEARCH-20260719-LINEAGE-CAUSAL-42,SEARCH-20260722-LINEAGE-CAUSAL-148,NS-CAUSAL-042,true
SEARCH-20260719-LINEAGE-CAUSAL-48,SEARCH-20260722-LINEAGE-CAUSAL-156,NS-CAUSAL-048,true
SEARCH-20260719-LINEAGE-CAUSAL-50,SEARCH-20260722-LINEAGE-CAUSAL-158,NS-CAUSAL-050,true
SEARCH-20260719-LINEAGE-CAUSAL-54,SEARCH-20260722-LINEAGE-CAUSAL-163,NS-CAUSAL-054,true
SEARCH-20260719-LINEAGE-CAUSAL-61,SEARCH-20260722-LINEAGE-CAUSAL-172,NS-CAUSAL-061,true
SEARCH-20260718-LINEAGE-CAUSAL-61,SEARCH-20260722-LINEAGE-CAUSAL-173,NS-CAUSAL-061,true
SEARCH-20260719-LINEAGE-CAUSAL-62,SEARCH-20260722-LINEAGE-CAUSAL-174,NS-CAUSAL-062,true
SEARCH-20260719-LINEAGE-CAUSAL-68,SEARCH-20260722-LINEAGE-CAUSAL-181,NS-CAUSAL-068,true
SEARCH-20260719-LINEAGE-CAUSAL-69,SEARCH-20260722-LINEAGE-CAUSAL-182,NS-CAUSAL-069,true
SEARCH-20260719-LINEAGE-CAUSAL-75,SEARCH-20260722-LINEAGE-CAUSAL-190,NS-CAUSAL-075,true
SEARCH-20260719-LINEAGE-CAUSAL-77,SEARCH-20260722-LINEAGE-CAUSAL-192,NS-CAUSAL-077,true
SEARCH-20260719-LINEAGE-CAUSAL-86,SEARCH-20260722-LINEAGE-CAUSAL-201,NS-CAUSAL-086,true
SEARCH-20260719-LINEAGE-CAUSAL-89,SEARCH-20260722-LINEAGE-CAUSAL-205,NS-CAUSAL-089,true
SEARCH-20260719-LINEAGE-CAUSAL-02,SEARCH-20260722-LINEAGE-CAUSAL-99,NS-CAUSAL-002,true
SEARCH-20260719-LINEAGE-EVIDENCE-35,SEARCH-20260722-LINEAGE-EVIDENCE-100,NS-EVIDENCE-035,true
SEARCH-20260719-LINEAGE-EVIDENCE-36,SEARCH-20260722-LINEAGE-EVIDENCE-101,NS-EVIDENCE-036,true
SEARCH-20260719-LINEAGE-EVIDENCE-39,SEARCH-20260722-LINEAGE-EVIDENCE-104,NS-EVIDENCE-039,true
SEARCH-20260719-LINEAGE-EVIDENCE-41,SEARCH-20260722-LINEAGE-EVIDENCE-107,NS-EVIDENCE-041,true
SEARCH-20260719-LINEAGE-EVIDENCE-45,SEARCH-20260722-LINEAGE-EVIDENCE-111,NS-EVIDENCE-045,true
SEARCH-20260719-LINEAGE-EVIDENCE-53,SEARCH-20260722-LINEAGE-EVIDENCE-120,NS-EVIDENCE-053,true
SEARCH-20260719-LINEAGE-EVIDENCE-55,SEARCH-20260722-LINEAGE-EVIDENCE-122,NS-EVIDENCE-055,true
SEARCH-20260719-LINEAGE-EVIDENCE-58,SEARCH-20260722-LINEAGE-EVIDENCE-126,NS-EVIDENCE-058,true
SEARCH-20260718-LINEAGE-EVIDENCE-58,SEARCH-20260722-LINEAGE-EVIDENCE-127,NS-EVIDENCE-058,true
SEARCH-20260719-LINEAGE-EVIDENCE-05,SEARCH-20260722-LINEAGE-EVIDENCE-65,NS-EVIDENCE-005,true
SEARCH-20260719-LINEAGE-EVIDENCE-06,SEARCH-20260722-LINEAGE-EVIDENCE-66,NS-EVIDENCE-006,true
SEARCH-20260719-LINEAGE-EVIDENCE-10,SEARCH-20260722-LINEAGE-EVIDENCE-71,NS-EVIDENCE-010,true
SEARCH-20260719-LINEAGE-EVIDENCE-11,SEARCH-20260722-LINEAGE-EVIDENCE-72,NS-EVIDENCE-011,true
SEARCH-20260719-LINEAGE-EVIDENCE-13,SEARCH-20260722-LINEAGE-EVIDENCE-74,NS-EVIDENCE-013,true
SEARCH-20260719-LINEAGE-EVIDENCE-16,SEARCH-20260722-LINEAGE-EVIDENCE-77,NS-EVIDENCE-016,true
SEARCH-20260719-LINEAGE-EVIDENCE-19,SEARCH-20260722-LINEAGE-EVIDENCE-80,NS-EVIDENCE-019,true
SEARCH-20260718-LINEAGE-EVIDENCE-19,SEARCH-20260722-LINEAGE-EVIDENCE-81,NS-EVIDENCE-019,true
SEARCH-20260719-LINEAGE-EVIDENCE-20,SEARCH-20260722-LINEAGE-EVIDENCE-82,NS-EVIDENCE-020,true
SEARCH-20260719-LINEAGE-EVIDENCE-22,SEARCH-20260722-LINEAGE-EVIDENCE-84,NS-EVIDENCE-022,true
SEARCH-20260719-LINEAGE-EVIDENCE-23,SEARCH-20260722-LINEAGE-EVIDENCE-85,NS-EVIDENCE-023,true
SEARCH-20260718-LINEAGE-EVIDENCE-23,SEARCH-20260722-LINEAGE-EVIDENCE-86,NS-EVIDENCE-023,true
SEARCH-20260719-LINEAGE-FORECASTING-12,SEARCH-20260722-LINEAGE-FORECASTING-101,NS-FORECASTING-012,true
SEARCH-20260718-LINEAGE-FORECASTING-12,SEARCH-20260722-LINEAGE-FORECASTING-102,NS-FORECASTING-012,true
SEARCH-20260719-LINEAGE-FORECASTING-16,SEARCH-20260722-LINEAGE-FORECASTING-107,NS-FORECASTING-016,true
SEARCH-20260719-LINEAGE-FORECASTING-28,SEARCH-20260722-LINEAGE-FORECASTING-122,NS-FORECASTING-028,true
SEARCH-20260719-LINEAGE-FORECASTING-29,SEARCH-20260722-LINEAGE-FORECASTING-123,NS-FORECASTING-029,true
SEARCH-20260719-LINEAGE-FORECASTING-31,SEARCH-20260722-LINEAGE-FORECASTING-126,NS-FORECASTING-031,true
SEARCH-20260719-LINEAGE-FORECASTING-47,SEARCH-20260722-LINEAGE-FORECASTING-143,NS-FORECASTING-047,true
SEARCH-20260719-LINEAGE-FORECASTING-51,SEARCH-20260722-LINEAGE-FORECASTING-148,NS-FORECASTING-051,true
SEARCH-20260719-LINEAGE-FORECASTING-55,SEARCH-20260722-LINEAGE-FORECASTING-152,NS-FORECASTING-055,true
SEARCH-20260719-LINEAGE-FORECASTING-69,SEARCH-20260722-LINEAGE-FORECASTING-168,NS-FORECASTING-069,true
SEARCH-20260718-LINEAGE-FORECASTING-69,SEARCH-20260722-LINEAGE-FORECASTING-169,NS-FORECASTING-069,true
SEARCH-20260719-LINEAGE-FORECASTING-70,SEARCH-20260722-LINEAGE-FORECASTING-170,NS-FORECASTING-070,true
SEARCH-20260719-LINEAGE-FORECASTING-75,SEARCH-20260722-LINEAGE-FORECASTING-175,NS-FORECASTING-075,true
SEARCH-20260719-LINEAGE-FORECASTING-80,SEARCH-20260722-LINEAGE-FORECASTING-181,NS-FORECASTING-080,true
SEARCH-20260718-LINEAGE-FORECASTING-80,SEARCH-20260722-LINEAGE-FORECASTING-182,NS-FORECASTING-080,true
SEARCH-20260719-LINEAGE-FORECASTING-82,SEARCH-20260722-LINEAGE-FORECASTING-184,NS-FORECASTING-082,true
SEARCH-20260718-LINEAGE-FORECASTING-82,SEARCH-20260722-LINEAGE-FORECASTING-185,NS-FORECASTING-082,true
SEARCH-20260719-LINEAGE-FORECASTING-84,SEARCH-20260722-LINEAGE-FORECASTING-188,NS-FORECASTING-084,true
SEARCH-20260717-LINEAGE-FORECASTING-01,SEARCH-20260722-LINEAGE-FORECASTING-194,NS-FORECASTING-080,true
SEARCH-20260719-LINEAGE-SIMULATION-02,SEARCH-20260722-LINEAGE-SIMULATION-36,NS-SIMULATION-002,true
SEARCH-20260719-LINEAGE-SIMULATION-03,SEARCH-20260722-LINEAGE-SIMULATION-37,NS-SIMULATION-003,true
SEARCH-20260719-LINEAGE-SIMULATION-06,SEARCH-20260722-LINEAGE-SIMULATION-40,NS-SIMULATION-006,true
SEARCH-20260719-LINEAGE-SIMULATION-07,SEARCH-20260722-LINEAGE-SIMULATION-41,NS-SIMULATION-007,true
SEARCH-20260718-LINEAGE-SIMULATION-07,SEARCH-20260722-LINEAGE-SIMULATION-42,NS-SIMULATION-007,true
SEARCH-20260719-LINEAGE-SIMULATION-11,SEARCH-20260722-LINEAGE-SIMULATION-47,NS-SIMULATION-011,true
SEARCH-20260719-LINEAGE-SIMULATION-12,SEARCH-20260722-LINEAGE-SIMULATION-48,NS-SIMULATION-012,true
SEARCH-20260719-LINEAGE-SIMULATION-14,SEARCH-20260722-LINEAGE-SIMULATION-50,NS-SIMULATION-014,true
SEARCH-20260719-LINEAGE-SIMULATION-17,SEARCH-20260722-LINEAGE-SIMULATION-54,NS-SIMULATION-017,true
SEARCH-20260719-LINEAGE-SIMULATION-19,SEARCH-20260722-LINEAGE-SIMULATION-56,NS-SIMULATION-019,true
SEARCH-20260719-LINEAGE-SIMULATION-23,SEARCH-20260722-LINEAGE-SIMULATION-61,NS-SIMULATION-023,true
SEARCH-20260719-LINEAGE-SIMULATION-25,SEARCH-20260722-LINEAGE-SIMULATION-64,NS-SIMULATION-025,true
SEARCH-20260718-LINEAGE-SIMULATION-25,SEARCH-20260722-LINEAGE-SIMULATION-65,NS-SIMULATION-025,true
SEARCH-20260719-LINEAGE-SIMULATION-27,SEARCH-20260722-LINEAGE-SIMULATION-67,NS-SIMULATION-027,true
SEARCH-20260719-LINEAGE-SIMULATION-28,SEARCH-20260722-LINEAGE-SIMULATION-68,NS-SIMULATION-028,true
SEARCH-20260719-LINEAGE-SIMULATION-31,SEARCH-20260722-LINEAGE-SIMULATION-71,NS-SIMULATION-031,true
SEARCH-20260719-LINEAGE-SIMULATION-32,SEARCH-20260722-LINEAGE-SIMULATION-72,NS-SIMULATION-032,true
SEARCH-20260718-LINEAGE-SIMULATION-32,SEARCH-20260722-LINEAGE-SIMULATION-73,NS-SIMULATION-032,true
SEARCH-20260719-LINEAGE-SPATIAL-44,SEARCH-20260722-LINEAGE-SPATIAL-106,NS-SPATIAL-044,true
SEARCH-20260719-LINEAGE-SPATIAL-46,SEARCH-20260722-LINEAGE-SPATIAL-109,NS-SPATIAL-046,true
SEARCH-20260719-LINEAGE-SPATIAL-54,SEARCH-20260722-LINEAGE-SPATIAL-117,NS-SPATIAL-054,true
SEARCH-20260719-LINEAGE-SPATIAL-02,SEARCH-20260722-LINEAGE-SPATIAL-59,NS-SPATIAL-002,true
SEARCH-20260719-LINEAGE-SPATIAL-07,SEARCH-20260722-LINEAGE-SPATIAL-64,NS-SPATIAL-007,true
SEARCH-20260719-LINEAGE-SPATIAL-09,SEARCH-20260722-LINEAGE-SPATIAL-66,NS-SPATIAL-009,true
SEARCH-20260719-LINEAGE-SPATIAL-23,SEARCH-20260722-LINEAGE-SPATIAL-81,NS-SPATIAL-023,true
SEARCH-20260719-LINEAGE-SPATIAL-27,SEARCH-20260722-LINEAGE-SPATIAL-85,NS-SPATIAL-027,true
SEARCH-20260719-LINEAGE-SPATIAL-30,SEARCH-20260722-LINEAGE-SPATIAL-88,NS-SPATIAL-030,true
SEARCH-20260719-LINEAGE-SPATIAL-39,SEARCH-20260722-LINEAGE-SPATIAL-99,NS-SPATIAL-039,true
SEARCH-20260719-LINEAGE-SURVEILLANCE-06,SEARCH-20260722-LINEAGE-SURVEILLANCE-105,NS-SURVEILLANCE-006,true
SEARCH-20260719-LINEAGE-SURVEILLANCE-07,SEARCH-20260722-LINEAGE-SURVEILLANCE-106,NS-SURVEILLANCE-007,true
SEARCH-20260719-LINEAGE-SURVEILLANCE-11,SEARCH-20260722-LINEAGE-SURVEILLANCE-110,NS-SURVEILLANCE-011,true
SEARCH-20260719-LINEAGE-SURVEILLANCE-13,SEARCH-20260722-LINEAGE-SURVEILLANCE-113,NS-SURVEILLANCE-013,true
SEARCH-20260719-LINEAGE-SURVEILLANCE-20,SEARCH-20260722-LINEAGE-SURVEILLANCE-121,NS-SURVEILLANCE-020,true
SEARCH-20260719-LINEAGE-SURVEILLANCE-23,SEARCH-20260722-LINEAGE-SURVEILLANCE-124,NS-SURVEILLANCE-023,true
SEARCH-20260718-LINEAGE-SURVEILLANCE-23,SEARCH-20260722-LINEAGE-SURVEILLANCE-125,NS-SURVEILLANCE-023,true
SEARCH-20260719-LINEAGE-SURVEILLANCE-25,SEARCH-20260722-LINEAGE-SURVEILLANCE-127,NS-SURVEILLANCE-025,true
SEARCH-20260719-LINEAGE-SURVEILLANCE-26,SEARCH-20260722-LINEAGE-SURVEILLANCE-128,NS-SURVEILLANCE-026,true
SEARCH-20260719-LINEAGE-SURVEILLANCE-28,SEARCH-20260722-LINEAGE-SURVEILLANCE-130,NS-SURVEILLANCE-028,true
SEARCH-20260719-LINEAGE-SURVEILLANCE-41,SEARCH-20260722-LINEAGE-SURVEILLANCE-147,NS-SURVEILLANCE-041,true
SEARCH-20260718-LINEAGE-SURVEILLANCE-41,SEARCH-20260722-LINEAGE-SURVEILLANCE-148,NS-SURVEILLANCE-041,true
SEARCH-20260719-LINEAGE-SURVEILLANCE-66,SEARCH-20260722-LINEAGE-SURVEILLANCE-175,NS-SURVEILLANCE-066,true
SEARCH-20260719-LINEAGE-SURVEILLANCE-83,SEARCH-20260722-LINEAGE-SURVEILLANCE-194,NS-SURVEILLANCE-083,true
