durable_checkpoint_path,archive_path,sha256
01_search/search_logs/2026-07-20-broad-discovery/wave_03_lineage_resolution/raw/SEARCH-20260719-LINEAGE-CAUSAL-15.efetch.000000000-000000000.xml,raw/SEARCH-20260722-LINEAGE-CAUSAL-115.efetch.000000000-000000000.xml,92e5722a59e7cc24d94417e2cc1a522e05a159a4a15786f943b4a874b84377a0
01_search/search_logs/2026-07-20-broad-discovery/wave_03_lineage_resolution/raw/SEARCH-20260719-LINEAGE-CAUSAL-15.esearch.json,raw/SEARCH-20260722-LINEAGE-CAUSAL-115.esearch.json,41ea949c824c67f57c4812abf31381a414f95702377851407bce7ef50474c203
01_search/search_logs/2026-07-20-broad-discovery/wave_03_lineage_resolution/raw/SEARCH-20260719-LINEAGE-CAUSAL-20.esearch.json,raw/SEARCH-20260722-LINEAGE-CAUSAL-121.esearch.json,7d68b438afe2b8605d86a8aae1380f06edf76f6a82fd09c8b3f8d7c99fc3884a
01_search/search_logs/2026-07-20-broad-discovery/wave_03_lineage_resolution/raw/SEARCH-20260718-LINEAGE-CAUSAL-20.efetch.000000000-000000000.xml,raw/SEARCH-20260722-LINEAGE-CAUSAL-122.efetch.000000000-000000000.xml,514cb145f0e05548452c2925c5179704cf55af0c1a58e9c6104dd872506779b0
01_search/search_logs/2026-07-20-broad-discovery/wave_03_lineage_resolution/raw/SEARCH-20260718-LINEAGE-CAUSAL-20.esearch.json,raw/SEARCH-20260722-LINEAGE-CAUSAL-122.esearch.json,a650a9f14335b4607af0898a8389774a8c1e7b67147cc0c09a2148868a77f512
01_search/search_logs/2026-07-20-broad-discovery/wave_03_lineage_resolution/raw/SEARCH-20260719-LINEAGE-CAUSAL-24.efetch.000000000-000000000.xml,raw/SEARCH-20260722-LINEAGE-CAUSAL-126.efetch.000000000-000000000.xml,d34852daec856aac63e9addccfbda29e96b128629704bbb0cfbe5a57c39ed857
01_search/search_logs/2026-07-20-broad-discovery/wave_03_lineage_resolution/raw/SEARCH-20260719-LINEAGE-CAUSAL-24.esearch.json,raw/SEARCH-20260722-LINEAGE-CAUSAL-126.esearch.json,e996f0065d806882e3be3d7031dec0135e24699b0202baf4acbe07dc2c29670a
01_search/search_logs/2026-07-20-broad-discovery/wave_03_lineage_resolution/raw/SEARCH-20260719-LINEAGE-CAUSAL-33.efetch.000000000-000000000.xml,raw/SEARCH-20260722-LINEAGE-CAUSAL-137.efetch.000000000-000000000.xml,bc73e8b600e1cadc05228bfbb6bf0d805ec246eb149ba209b9678a8c2b8eccbe
01_search/search_logs/2026-07-20-broad-discovery/wave_03_lineage_resolution/raw/SEARCH-20260719-LINEAGE-CAUSAL-33.esearch.json,raw/SEARCH-20260722-LINEAGE-CAUSAL-137.esearch.json,b76725e2d1692f326b0e8465867aa559addefa2522b14e499d452c5a8326c576
01_search/search_logs/2026-07-20-broad-discovery/wave_03_lineage_resolution/raw/SEARCH-20260719-LINEAGE-CAUSAL-36.efetch.000000000-000000000.xml,raw/SEARCH-20260722-LINEAGE-CAUSAL-142.efetch.000000000-000000000.xml,5582a0219d1465500a0c1db9184b2be6d8cc9020f391adebd0dc526ed6a2e6cc
01_search/search_logs/2026-07-20-broad-discovery/wave_03_lineage_resolution/raw/SEARCH-20260719-LINEAGE-CAUSAL-36.esearch.json,raw/SEARCH-20260722-LINEAGE-CAUSAL-142.esearch.json,5daee84aaea657e6aa60937756253caccd84a970f908c676c5ca3b94d00be6f3
01_search/search_logs/2026-07-20-broad-discovery/wave_03_lineage_resolution/raw/SEARCH-20260719-LINEAGE-CAUSAL-42.efetch.000000000-000000000.xml,raw/SEARCH-20260722-LINEAGE-CAUSAL-148.efetch.000000000-000000000.xml,3037ef03cfa792b97fe44051804096c5594cad665d7ed4d3a36770697862bbff
01_search/search_logs/2026-07-20-broad-discovery/wave_03_lineage_resolution/raw/SEARCH-20260719-LINEAGE-CAUSAL-42.esearch.json,raw/SEARCH-20260722-LINEAGE-CAUSAL-148.esearch.json,4f7813288f6beb4c16c06326fbe6f39abe34377951bd377b123970baeae813d2
01_search/search_logs/2026-07-20-broad-discovery/wave_03_lineage_resolution/raw/SEARCH-20260719-LINEAGE-CAUSAL-48.efetch.000000000-000000000.xml,raw/SEARCH-20260722-LINEAGE-CAUSAL-156.efetch.000000000-000000000.xml,d588ec32abc77da6289e7fb4b7571abf0bf0ddc347b1cc98a33daa8d8fd3e13b
01_search/search_logs/2026-07-20-broad-discovery/wave_03_lineage_resolution/raw/SEARCH-20260719-LINEAGE-CAUSAL-48.esearch.json,raw/SEARCH-20260722-LINEAGE-CAUSAL-156.esearch.json,f8ec18c490ef1e56bdb77a2d73e7ce71b1107dc52df946c0031e5ec238d67ef3
01_search/search_logs/2026-07-20-broad-discovery/wave_03_lineage_resolution/raw/SEARCH-20260719-LINEAGE-CAUSAL-50.efetch.000000000-000000000.xml,raw/SEARCH-20260722-LINEAGE-CAUSAL-158.efetch.000000000-000000000.xml,3b16682254c7a78202d37ca817bc4f31da778ec9d87eeb8dd046c0a8db5d2eae
01_search/search_logs/2026-07-20-broad-discovery/wave_03_lineage_resolution/raw/SEARCH-20260719-LINEAGE-CAUSAL-50.esearch.json,raw/SEARCH-20260722-LINEAGE-CAUSAL-158.esearch.json,89cae97e3372822f688f0c7b7498f56ac7af1107d7323791dc02113fe8667247
01_search/search_logs/2026-07-20-broad-discovery/wave_03_lineage_resolution/raw/SEARCH-20260719-LINEAGE-CAUSAL-54.efetch.000000000-000000000.xml,raw/SEARCH-20260722-LINEAGE-CAUSAL-163.efetch.000000000-000000000.xml,d236efd731fa97297005605a82ae48d168a96d5ec2371f6180757a20fa4f58a1
01_search/search_logs/2026-07-20-broad-discovery/wave_03_lineage_resolution/raw/SEARCH-20260719-LINEAGE-CAUSAL-54.esearch.json,raw/SEARCH-20260722-LINEAGE-CAUSAL-163.esearch.json,70f3ab20c0cfa874020ba36786fc146fd4b95612f0ca3e825c78a65b6276dce4
01_search/search_logs/2026-07-20-broad-discovery/wave_03_lineage_resolution/raw/SEARCH-20260719-LINEAGE-CAUSAL-61.esearch.json,raw/SEARCH-20260722-LINEAGE-CAUSAL-172.esearch.json,9ae48f3045d87a37628defef0e7e8073ec2abb377c6b813e9fa808008d218f5b
01_search/search_logs/2026-07-20-broad-discovery/wave_03_lineage_resolution/raw/SEARCH-20260718-LINEAGE-CAUSAL-61.efetch.000000000-000000000.xml,raw/SEARCH-20260722-LINEAGE-CAUSAL-173.efetch.000000000-000000000.xml,fef8fc4754905478671f2cecb1cb5055180b745c1c9910ef08f9fd19f739a1f4
01_search/search_logs/2026-07-20-broad-discovery/wave_03_lineage_resolution/raw/SEARCH-20260718-LINEAGE-CAUSAL-61.esearch.json,raw/SEARCH-20260722-LINEAGE-CAUSAL-173.esearch.json,a72d0bd1d022442ed021c879b46ad0a36fc3c6e4283fad49f8e33917d7dd5769
01_search/search_logs/2026-07-20-broad-discovery/wave_03_lineage_resolution/raw/SEARCH-20260719-LINEAGE-CAUSAL-62.efetch.000000000-000000000.xml,raw/SEARCH-20260722-LINEAGE-CAUSAL-174.efetch.000000000-000000000.xml,03043e7d10f3120ad640d10f6b95ae0c0e1c40563a6879b728580f91104e2219
01_search/search_logs/2026-07-20-broad-discovery/wave_03_lineage_resolution/raw/SEARCH-20260719-LINEAGE-CAUSAL-62.esearch.json,raw/SEARCH-20260722-LINEAGE-CAUSAL-174.esearch.json,39728c6170d8c55dc081f10c9f3d4e259ccbc24619e2eb15a3ed54e4403f7e0c
01_search/search_logs/2026-07-20-broad-discovery/wave_03_lineage_resolution/raw/SEARCH-20260719-LINEAGE-CAUSAL-68.efetch.000000000-000000000.xml,raw/SEARCH-20260722-LINEAGE-CAUSAL-181.efetch.000000000-000000000.xml,078e5ce10bd5958c7eed810ccfb469b2f0c2bfe21ba2e351f18288669d00b428
01_search/search_logs/2026-07-20-broad-discovery/wave_03_lineage_resolution/raw/SEARCH-20260719-LINEAGE-CAUSAL-68.esearch.json,raw/SEARCH-20260722-LINEAGE-CAUSAL-181.esearch.json,b4edf484d73585266f6d8c035a50338228c73ad637af9aad9d8f5be62e8bc643
01_search/search_logs/2026-07-20-broad-discovery/wave_03_lineage_resolution/raw/SEARCH-20260719-LINEAGE-CAUSAL-69.efetch.000000000-000000000.xml,raw/SEARCH-20260722-LINEAGE-CAUSAL-182.efetch.000000000-000000000.xml,7f25d7b0c4421b50a4ed0608d5059672df8dfbbaaba2821e40e44ac4413d1b96
01_search/search_logs/2026-07-20-broad-discovery/wave_03_lineage_resolution/raw/SEARCH-20260719-LINEAGE-CAUSAL-69.esearch.json,raw/SEARCH-20260722-LINEAGE-CAUSAL-182.esearch.json,5adc5c47f7f8393380ea1e8c11fa220b417f3bfa70b85bcbdffec4e0ba023741
01_search/search_logs/2026-07-20-broad-discovery/wave_03_lineage_resolution/raw/SEARCH-20260719-LINEAGE-CAUSAL-75.efetch.000000000-000000000.xml,raw/SEARCH-20260722-LINEAGE-CAUSAL-190.efetch.000000000-000000000.xml,5d7555358750fb261ec51d751a642b4e4b78bba188cb7f44483dc2afca68b455
01_search/search_logs/2026-07-20-broad-discovery/wave_03_lineage_resolution/raw/SEARCH-20260719-LINEAGE-CAUSAL-75.esearch.json,raw/SEARCH-20260722-LINEAGE-CAUSAL-190.esearch.json,55a7cb2f42aa168e953bf8ac44b00cd2e1fb6cc3721234cb205c7550bd053b61
01_search/search_logs/2026-07-20-broad-discovery/wave_03_lineage_resolution/raw/SEARCH-20260719-LINEAGE-CAUSAL-77.efetch.000000000-000000000.xml,raw/SEARCH-20260722-LINEAGE-CAUSAL-192.efetch.000000000-000000000.xml,863cbd0a1d4f47842a472f638014c5145f722b49472388e59113ae020de7eb60
01_search/search_logs/2026-07-20-broad-discovery/wave_03_lineage_resolution/raw/SEARCH-20260719-LINEAGE-CAUSAL-77.esearch.json,raw/SEARCH-20260722-LINEAGE-CAUSAL-192.esearch.json,56f71a294c014784b6d76f485670a3cf1faab38987f2cf1c39bdfe5deb9b81e0
01_search/search_logs/2026-07-20-broad-discovery/wave_03_lineage_resolution/raw/SEARCH-20260719-LINEAGE-CAUSAL-86.efetch.000000000-000000001.xml,raw/SEARCH-20260722-LINEAGE-CAUSAL-201.efetch.000000000-000000001.xml,0a77d352fb16d4c29344e89eb981bb03f516a7ee9f42d8dee86b3dcc50191e43
01_search/search_logs/2026-07-20-broad-discovery/wave_03_lineage_resolution/raw/SEARCH-20260719-LINEAGE-CAUSAL-86.esearch.json,raw/SEARCH-20260722-LINEAGE-CAUSAL-201.esearch.json,03ef3744f83532000e545ff4d6098c1b774165b2957069e72d00690390ec7bee
01_search/search_logs/2026-07-20-broad-discovery/wave_03_lineage_resolution/raw/SEARCH-20260719-LINEAGE-CAUSAL-89.efetch.000000000-000000000.xml,raw/SEARCH-20260722-LINEAGE-CAUSAL-205.efetch.000000000-000000000.xml,8d9f1ed0abbd288a82c6ac7890cf59a367e650548694c6cdcfa39b24d9d2877a
01_search/search_logs/2026-07-20-broad-discovery/wave_03_lineage_resolution/raw/SEARCH-20260719-LINEAGE-CAUSAL-89.esearch.json,raw/SEARCH-20260722-LINEAGE-CAUSAL-205.esearch.json,55cf62b1963a2091efdca518a79b6abd73662d29e41f7f441cd82aa195aa2f6d
01_search/search_logs/2026-07-20-broad-discovery/wave_03_lineage_resolution/raw/SEARCH-20260719-LINEAGE-CAUSAL-02.efetch.000000000-000000000.xml,raw/SEARCH-20260722-LINEAGE-CAUSAL-99.efetch.000000000-000000000.xml,25b7ea93bba2ebb38a8c8f49c57a9509038a9736d293adaf4f69a11867988b75
01_search/search_logs/2026-07-20-broad-discovery/wave_03_lineage_resolution/raw/SEARCH-20260719-LINEAGE-CAUSAL-02.esearch.json,raw/SEARCH-20260722-LINEAGE-CAUSAL-99.esearch.json,c8f12efa8416271c8677c84b29c3d00eb8462107b7fd99fbe9cbbbdb9ecd41d2
01_search/search_logs/2026-07-20-broad-discovery/wave_03_lineage_resolution/raw/SEARCH-20260719-LINEAGE-EVIDENCE-35.efetch.000000000-000000000.xml,raw/SEARCH-20260722-LINEAGE-EVIDENCE-100.efetch.000000000-000000000.xml,851900a1ff4089075e21131bb0d76b4ecdb5942b0cf0b878ddcbf0efceb92c61
01_search/search_logs/2026-07-20-broad-discovery/wave_03_lineage_resolution/raw/SEARCH-20260719-LINEAGE-EVIDENCE-35.esearch.json,raw/SEARCH-20260722-LINEAGE-EVIDENCE-100.esearch.json,ef44c45e282ea2ba6fb37d2711d3f0f9de206243fedf595867925fc1f2d77cd0
01_search/search_logs/2026-07-20-broad-discovery/wave_03_lineage_resolution/raw/SEARCH-20260719-LINEAGE-EVIDENCE-36.efetch.000000000-000000000.xml,raw/SEARCH-20260722-LINEAGE-EVIDENCE-101.efetch.000000000-000000000.xml,c353864e362b6544e1adcbc4217fcbd4ed674993b7d1e426442697b2194e8215
01_search/search_logs/2026-07-20-broad-discovery/wave_03_lineage_resolution/raw/SEARCH-20260719-LINEAGE-EVIDENCE-36.esearch.json,raw/SEARCH-20260722-LINEAGE-EVIDENCE-101.esearch.json,8ba9994fbf60c4ea3350f011d3846153cdbda008727ddf96ad3c481fe5c09044
01_search/search_logs/2026-07-20-broad-discovery/wave_03_lineage_resolution/raw/SEARCH-20260719-LINEAGE-EVIDENCE-39.efetch.000000000-000000000.xml,raw/SEARCH-20260722-LINEAGE-EVIDENCE-104.efetch.000000000-000000000.xml,01fa35aa00b193fc9b3ec6b2e90d7f91a243c394fa896b4ef3922e0f8600d3cc
01_search/search_logs/2026-07-20-broad-discovery/wave_03_lineage_resolution/raw/SEARCH-20260719-LINEAGE-EVIDENCE-39.esearch.json,raw/SEARCH-20260722-LINEAGE-EVIDENCE-104.esearch.json,5de36579677fa1adeb6338334d9a81e41226d9563b904019a04faa49410461d6
01_search/search_logs/2026-07-20-broad-discovery/wave_03_lineage_resolution/raw/SEARCH-20260719-LINEAGE-EVIDENCE-41.efetch.000000000-000000000.xml,raw/SEARCH-20260722-LINEAGE-EVIDENCE-107.efetch.000000000-000000000.xml,b9602dae95e84dda0fa7027711a3d0babdfd013db713c87a404b09f38b88f49c
01_search/search_logs/2026-07-20-broad-discovery/wave_03_lineage_resolution/raw/SEARCH-20260719-LINEAGE-EVIDENCE-41.esearch.json,raw/SEARCH-20260722-LINEAGE-EVIDENCE-107.esearch.json,f1c1643f4c1a7193e6dc627a266041f7358da83b0320e54aa284b33a02c67eba
01_search/search_logs/2026-07-20-broad-discovery/wave_03_lineage_resolution/raw/SEARCH-20260719-LINEAGE-EVIDENCE-45.efetch.000000000-000000000.xml,raw/SEARCH-20260722-LINEAGE-EVIDENCE-111.efetch.000000000-000000000.xml,8133f4333c63122ed671d003a6e652518c73f97531f1bfe9bc73014213932f8a
01_search/search_logs/2026-07-20-broad-discovery/wave_03_lineage_resolution/raw/SEARCH-20260719-LINEAGE-EVIDENCE-45.esearch.json,raw/SEARCH-20260722-LINEAGE-EVIDENCE-111.esearch.json,932fb189a04be61a8fa67132cd16c06123c40c666ce95f778ef8b22f10a76f5d
01_search/search_logs/2026-07-20-broad-discovery/wave_03_lineage_resolution/raw/SEARCH-20260719-LINEAGE-EVIDENCE-53.efetch.000000000-000000001.xml,raw/SEARCH-20260722-LINEAGE-EVIDENCE-120.efetch.000000000-000000001.xml,bd3590bea02f38d99352da7843c5462d7512433fdfc17d28ec9f51fb0064163e
01_search/search_logs/2026-07-20-broad-discovery/wave_03_lineage_resolution/raw/SEARCH-20260719-LINEAGE-EVIDENCE-53.esearch.json,raw/SEARCH-20260722-LINEAGE-EVIDENCE-120.esearch.json,64f44bce32f6f3f03892636d1de957e552169fcfbc5b4a70cf1a865a91b316e7
01_search/search_logs/2026-07-20-broad-discovery/wave_03_lineage_resolution/raw/SEARCH-20260719-LINEAGE-EVIDENCE-55.efetch.000000000-000000000.xml,raw/SEARCH-20260722-LINEAGE-EVIDENCE-122.efetch.000000000-000000000.xml,efa80dc427a5923bb6d7a7e576bbe7bdb8075092a602b6c12903d95f791ad36d
01_search/search_logs/2026-07-20-broad-discovery/wave_03_lineage_resolution/raw/SEARCH-20260719-LINEAGE-EVIDENCE-55.esearch.json,raw/SEARCH-20260722-LINEAGE-EVIDENCE-122.esearch.json,d5925b898626f9fa10c2689d455f70fdf7dc6fa57f1da5af1d8f620a9524b3ab
01_search/search_logs/2026-07-20-broad-discovery/wave_03_lineage_resolution/raw/SEARCH-20260719-LINEAGE-EVIDENCE-58.esearch.json,raw/SEARCH-20260722-LINEAGE-EVIDENCE-126.esearch.json,b3ee80d8c5dadb6d8dd4bf03d733bc896ecab0364bbc1424b553e39dee38cabb
01_search/search_logs/2026-07-20-broad-discovery/wave_03_lineage_resolution/raw/SEARCH-20260718-LINEAGE-EVIDENCE-58.efetch.000000000-000000000.xml,raw/SEARCH-20260722-LINEAGE-EVIDENCE-127.efetch.000000000-000000000.xml,6fac9ae68f465e86a68fcfa7eefd9c1c64474c01bc971b942824fa5602af69b8
01_search/search_logs/2026-07-20-broad-discovery/wave_03_lineage_resolution/raw/SEARCH-20260718-LINEAGE-EVIDENCE-58.esearch.json,raw/SEARCH-20260722-LINEAGE-EVIDENCE-127.esearch.json,aa57bb9108cfc344bf8e2d4694b61d2aaab7887bb26f8d562bf70881ea619282
01_search/search_logs/2026-07-20-broad-discovery/wave_03_lineage_resolution/raw/SEARCH-20260719-LINEAGE-EVIDENCE-05.efetch.000000000-000000000.xml,raw/SEARCH-20260722-LINEAGE-EVIDENCE-65.efetch.000000000-000000000.xml,11614b6cbd1836667a96b85f0f473d1f800898e19a7c8003e02945a7de305be6
01_search/search_logs/2026-07-20-broad-discovery/wave_03_lineage_resolution/raw/SEARCH-20260719-LINEAGE-EVIDENCE-05.esearch.json,raw/SEARCH-20260722-LINEAGE-EVIDENCE-65.esearch.json,e0c7e251605441903271e215a1529f6b62522575a440fcdcb704d53c8ef0d3a6
01_search/search_logs/2026-07-20-broad-discovery/wave_03_lineage_resolution/raw/SEARCH-20260719-LINEAGE-EVIDENCE-06.efetch.000000000-000000000.xml,raw/SEARCH-20260722-LINEAGE-EVIDENCE-66.efetch.000000000-000000000.xml,7c70064c9faefc3dcee63eb2fa1f8b6fcc7fefd9f29e438f820f303f7f82e19d
01_search/search_logs/2026-07-20-broad-discovery/wave_03_lineage_resolution/raw/SEARCH-20260719-LINEAGE-EVIDENCE-06.esearch.json,raw/SEARCH-20260722-LINEAGE-EVIDENCE-66.esearch.json,704aabef3203e036cce5d28e323fbb4f6be35b9bffcf36ce0d446453ed9b90c1
01_search/search_logs/2026-07-20-broad-discovery/wave_03_lineage_resolution/raw/SEARCH-20260719-LINEAGE-EVIDENCE-10.efetch.000000000-000000000.xml,raw/SEARCH-20260722-LINEAGE-EVIDENCE-71.efetch.000000000-000000000.xml,a0c727f999b9618b1b89d3ffbd63b4b7a2467c2889b21a6703d4f58a70b5ff1c
01_search/search_logs/2026-07-20-broad-discovery/wave_03_lineage_resolution/raw/SEARCH-20260719-LINEAGE-EVIDENCE-10.esearch.json,raw/SEARCH-20260722-LINEAGE-EVIDENCE-71.esearch.json,227365e021a6b5eca8ceecdf44e1ec30badd35441cb8920968743650d5d0ee79
01_search/search_logs/2026-07-20-broad-discovery/wave_03_lineage_resolution/raw/SEARCH-20260719-LINEAGE-EVIDENCE-11.efetch.000000000-000000000.xml,raw/SEARCH-20260722-LINEAGE-EVIDENCE-72.efetch.000000000-000000000.xml,d7c9995dcef06fff444b3f5ceaee00e4a37ae606095594c01c8237e189a1aed9
01_search/search_logs/2026-07-20-broad-discovery/wave_03_lineage_resolution/raw/SEARCH-20260719-LINEAGE-EVIDENCE-11.esearch.json,raw/SEARCH-20260722-LINEAGE-EVIDENCE-72.esearch.json,bb926007fdc29c67dccc56d5dbde5211942bd99fe269c0df95322e5e344b080e
01_search/search_logs/2026-07-20-broad-discovery/wave_03_lineage_resolution/raw/SEARCH-20260719-LINEAGE-EVIDENCE-13.efetch.000000000-000000000.xml,raw/SEARCH-20260722-LINEAGE-EVIDENCE-74.efetch.000000000-000000000.xml,f25c6ee507d49eb7dda5016acd3559b179ef597cd33e9d545b8d27f0a0a14a73
01_search/search_logs/2026-07-20-broad-discovery/wave_03_lineage_resolution/raw/SEARCH-20260719-LINEAGE-EVIDENCE-13.esearch.json,raw/SEARCH-20260722-LINEAGE-EVIDENCE-74.esearch.json,ee808bf004da2211565171f7b659d711b174bcd5c60316030b43f2783aaad654
01_search/search_logs/2026-07-20-broad-discovery/wave_03_lineage_resolution/raw/SEARCH-20260719-LINEAGE-EVIDENCE-16.efetch.000000000-000000000.xml,raw/SEARCH-20260722-LINEAGE-EVIDENCE-77.efetch.000000000-000000000.xml,05dba9e4235e6c233517e6fb8babec818398efda192de7af927941896b042b5d
01_search/search_logs/2026-07-20-broad-discovery/wave_03_lineage_resolution/raw/SEARCH-20260719-LINEAGE-EVIDENCE-16.esearch.json,raw/SEARCH-20260722-LINEAGE-EVIDENCE-77.esearch.json,961677f1b5aa0a7eb840e8b5d85c4154117bddcabd29dac80f0511dad2f0c307
01_search/search_logs/2026-07-20-broad-discovery/wave_03_lineage_resolution/raw/SEARCH-20260719-LINEAGE-EVIDENCE-19.esearch.json,raw/SEARCH-20260722-LINEAGE-EVIDENCE-80.esearch.json,6dd94698965a796c724ed96a2492dc07610fe4210b7bf46efef58393b1cda5b0
01_search/search_logs/2026-07-20-broad-discovery/wave_03_lineage_resolution/raw/SEARCH-20260718-LINEAGE-EVIDENCE-19.efetch.000000000-000000000.xml,raw/SEARCH-20260722-LINEAGE-EVIDENCE-81.efetch.000000000-000000000.xml,0e728f517fdc549fc4d7d660597355edabb0af08dbe01a47d9c7fa1c988367e3
01_search/search_logs/2026-07-20-broad-discovery/wave_03_lineage_resolution/raw/SEARCH-20260718-LINEAGE-EVIDENCE-19.esearch.json,raw/SEARCH-20260722-LINEAGE-EVIDENCE-81.esearch.json,281febc9794ae4352f892270d4e28672ec82599feca20b94915865fdde143972
01_search/search_logs/2026-07-20-broad-discovery/wave_03_lineage_resolution/raw/SEARCH-20260719-LINEAGE-EVIDENCE-20.efetch.000000000-000000000.xml,raw/SEARCH-20260722-LINEAGE-EVIDENCE-82.efetch.000000000-000000000.xml,47c236ddb36f23d96eba44423d6e86f6fe413e375ad5aa72b1eca8410d3ccedb
01_search/search_logs/2026-07-20-broad-discovery/wave_03_lineage_resolution/raw/SEARCH-20260719-LINEAGE-EVIDENCE-20.esearch.json,raw/SEARCH-20260722-LINEAGE-EVIDENCE-82.esearch.json,4efafd6f6448891b8bde37826b949c05874a1a2c589e7a543b94d27193dddb93
01_search/search_logs/2026-07-20-broad-discovery/wave_03_lineage_resolution/raw/SEARCH-20260719-LINEAGE-EVIDENCE-22.efetch.000000000-000000000.xml,raw/SEARCH-20260722-LINEAGE-EVIDENCE-84.efetch.000000000-000000000.xml,3f984f1a11a311011fef793ecf4529e989477d7f8c96395bc64b0fabe2216133
01_search/search_logs/2026-07-20-broad-discovery/wave_03_lineage_resolution/raw/SEARCH-20260719-LINEAGE-EVIDENCE-22.esearch.json,raw/SEARCH-20260722-LINEAGE-EVIDENCE-84.esearch.json,56c47e72c93c4b3e77bf9ff34e4a688ae80bfa0dbcd3df0c37c15f516eae5b94
01_search/search_logs/2026-07-20-broad-discovery/wave_03_lineage_resolution/raw/SEARCH-20260719-LINEAGE-EVIDENCE-23.esearch.json,raw/SEARCH-20260722-LINEAGE-EVIDENCE-85.esearch.json,341f7a16ca01950c65f89cccafae4089bf6fead55ee902816e972c2be85d9d90
01_search/search_logs/2026-07-20-broad-discovery/wave_03_lineage_resolution/raw/SEARCH-20260718-LINEAGE-EVIDENCE-23.efetch.000000000-000000000.xml,raw/SEARCH-20260722-LINEAGE-EVIDENCE-86.efetch.000000000-000000000.xml,94eefd67254be7e854a607dc0910bebae434c397d3be51be6e647927a02d2ae7
01_search/search_logs/2026-07-20-broad-discovery/wave_03_lineage_resolution/raw/SEARCH-20260718-LINEAGE-EVIDENCE-23.esearch.json,raw/SEARCH-20260722-LINEAGE-EVIDENCE-86.esearch.json,c5c3c7e071681ba05f64c857fbac3d7005e2a814d4a83682f9a46339e40c50f1
01_search/search_logs/2026-07-20-broad-discovery/wave_03_lineage_resolution/raw/SEARCH-20260719-LINEAGE-FORECASTING-12.esearch.json,raw/SEARCH-20260722-LINEAGE-FORECASTING-101.esearch.json,7c630923d50ec7c72ea64c18f0e928e7da35b285a5a77be6049e1ee8d778f5dd
01_search/search_logs/2026-07-20-broad-discovery/wave_03_lineage_resolution/raw/SEARCH-20260718-LINEAGE-FORECASTING-12.efetch.000000000-000000000.xml,raw/SEARCH-20260722-LINEAGE-FORECASTING-102.efetch.000000000-000000000.xml,299dec6b8bffc52eeae304bc3da2059e0664869da7a1e39c9eafbb67c41c73df
01_search/search_logs/2026-07-20-broad-discovery/wave_03_lineage_resolution/raw/SEARCH-20260718-LINEAGE-FORECASTING-12.esearch.json,raw/SEARCH-20260722-LINEAGE-FORECASTING-102.esearch.json,13d0a3cd58203a1a1bdbb4e7c736d017acbd61197c58e9b339e55ed209718358
01_search/search_logs/2026-07-20-broad-discovery/wave_03_lineage_resolution/raw/SEARCH-20260719-LINEAGE-FORECASTING-16.efetch.000000000-000000000.xml,raw/SEARCH-20260722-LINEAGE-FORECASTING-107.efetch.000000000-000000000.xml,36c8782bdd73170bb02de23145e1de53a3796d7fab9280d162727f6cf7bde506
01_search/search_logs/2026-07-20-broad-discovery/wave_03_lineage_resolution/raw/SEARCH-20260719-LINEAGE-FORECASTING-16.esearch.json,raw/SEARCH-20260722-LINEAGE-FORECASTING-107.esearch.json,9e5f653331ffbe951f070ca01397e91e8ed9b06da84d002d3cae095ab3a5b01a
01_search/search_logs/2026-07-20-broad-discovery/wave_03_lineage_resolution/raw/SEARCH-20260719-LINEAGE-FORECASTING-28.efetch.000000000-000000000.xml,raw/SEARCH-20260722-LINEAGE-FORECASTING-122.efetch.000000000-000000000.xml,fa725c59ee21ba62aa8f358dbcb057b550cb38a2d7a7d846c80d170e81317ce9
01_search/search_logs/2026-07-20-broad-discovery/wave_03_lineage_resolution/raw/SEARCH-20260719-LINEAGE-FORECASTING-28.esearch.json,raw/SEARCH-20260722-LINEAGE-FORECASTING-122.esearch.json,9ae74b7845003123f5efb2425e7c785e2d71c160299fd3a7b57507a9e1451029
01_search/search_logs/2026-07-20-broad-discovery/wave_03_lineage_resolution/raw/SEARCH-20260719-LINEAGE-FORECASTING-29.efetch.000000000-000000000.xml,raw/SEARCH-20260722-LINEAGE-FORECASTING-123.efetch.000000000-000000000.xml,0293044193a5e5536f4df5a516ad607c8fb736bc0f21343d5b1f4351e54e3a22
01_search/search_logs/2026-07-20-broad-discovery/wave_03_lineage_resolution/raw/SEARCH-20260719-LINEAGE-FORECASTING-29.esearch.json,raw/SEARCH-20260722-LINEAGE-FORECASTING-123.esearch.json,a614ca2219dd5f9fa370975d40b075fb6082bbed0ea3011fc1d1ce2bc1f09866
01_search/search_logs/2026-07-20-broad-discovery/wave_03_lineage_resolution/raw/SEARCH-20260719-LINEAGE-FORECASTING-31.efetch.000000000-000000000.xml,raw/SEARCH-20260722-LINEAGE-FORECASTING-126.efetch.000000000-000000000.xml,ac498aed1f7d6b3bfee61cabb50388f3378faf29f24ae5872a8e5d252cc46168
01_search/search_logs/2026-07-20-broad-discovery/wave_03_lineage_resolution/raw/SEARCH-20260719-LINEAGE-FORECASTING-31.esearch.json,raw/SEARCH-20260722-LINEAGE-FORECASTING-126.esearch.json,6b6f42bd72d4e179beab878e10e775ea17e9945fff372d80d1dbdf3600b85596
01_search/search_logs/2026-07-20-broad-discovery/wave_03_lineage_resolution/raw/SEARCH-20260719-LINEAGE-FORECASTING-47.efetch.000000000-000000000.xml,raw/SEARCH-20260722-LINEAGE-FORECASTING-143.efetch.000000000-000000000.xml,19a8aa19ff86c66f98d009bfa766b1336235653ffb20d55ac2ffec48aa8f3c78
01_search/search_logs/2026-07-20-broad-discovery/wave_03_lineage_resolution/raw/SEARCH-20260719-LINEAGE-FORECASTING-47.esearch.json,raw/SEARCH-20260722-LINEAGE-FORECASTING-143.esearch.json,4d9fdde072adadc8fac0a0682aea71dfe63dac022891d46ac529647ac9ae917d
01_search/search_logs/2026-07-20-broad-discovery/wave_03_lineage_resolution/raw/SEARCH-20260719-LINEAGE-FORECASTING-51.efetch.000000000-000000000.xml,raw/SEARCH-20260722-LINEAGE-FORECASTING-148.efetch.000000000-000000000.xml,67a8b90e114f31dc3c34951c4efe604c374e49fc867121ab4fcdae0c95a75b19
01_search/search_logs/2026-07-20-broad-discovery/wave_03_lineage_resolution/raw/SEARCH-20260719-LINEAGE-FORECASTING-51.esearch.json,raw/SEARCH-20260722-LINEAGE-FORECASTING-148.esearch.json,08bb9804fe16827abf4761d963794b49c4a9d5b36a34c5f231d381b79adfaf1d
01_search/search_logs/2026-07-20-broad-discovery/wave_03_lineage_resolution/raw/SEARCH-20260719-LINEAGE-FORECASTING-55.efetch.000000000-000000000.xml,raw/SEARCH-20260722-LINEAGE-FORECASTING-152.efetch.000000000-000000000.xml,68109501d7f60f70d6094917d1601926599f0983d1943dda20e3fdd018f1c254
01_search/search_logs/2026-07-20-broad-discovery/wave_03_lineage_resolution/raw/SEARCH-20260719-LINEAGE-FORECASTING-55.esearch.json,raw/SEARCH-20260722-LINEAGE-FORECASTING-152.esearch.json,2474a197ffa9da0aad02b0d08d7b4225ba74bf4bc82a1b82c90f21e5a153014d
01_search/search_logs/2026-07-20-broad-discovery/wave_03_lineage_resolution/raw/SEARCH-20260719-LINEAGE-FORECASTING-69.esearch.json,raw/SEARCH-20260722-LINEAGE-FORECASTING-168.esearch.json,1d5ea1c22e901cd2a8e807fd40f68c5d0b2830de400f43a76ab4029f60ef7f0c
01_search/search_logs/2026-07-20-broad-discovery/wave_03_lineage_resolution/raw/SEARCH-20260718-LINEAGE-FORECASTING-69.efetch.000000000-000000000.xml,raw/SEARCH-20260722-LINEAGE-FORECASTING-169.efetch.000000000-000000000.xml,3dc49cc751e7eebc8567ef52751fde79788a9c44be4fd5608412f481c3323578
01_search/search_logs/2026-07-20-broad-discovery/wave_03_lineage_resolution/raw/SEARCH-20260718-LINEAGE-FORECASTING-69.esearch.json,raw/SEARCH-20260722-LINEAGE-FORECASTING-169.esearch.json,c02fb07784a70517da46e827061cbfe3688bb14a4cda6a93cdc3e10599d7aa71
01_search/search_logs/2026-07-20-broad-discovery/wave_03_lineage_resolution/raw/SEARCH-20260719-LINEAGE-FORECASTING-70.efetch.000000000-000000000.xml,raw/SEARCH-20260722-LINEAGE-FORECASTING-170.efetch.000000000-000000000.xml,bb14192b014c56ea33a56a49e5bfccc1cf45f6e073be7ef86bb463173bc9662c
01_search/search_logs/2026-07-20-broad-discovery/wave_03_lineage_resolution/raw/SEARCH-20260719-LINEAGE-FORECASTING-70.esearch.json,raw/SEARCH-20260722-LINEAGE-FORECASTING-170.esearch.json,163674243ae08838c52b1c97ba8cac15c0cbf0ac3eb7bd7874f1a307a7ecd84e
01_search/search_logs/2026-07-20-broad-discovery/wave_03_lineage_resolution/raw/SEARCH-20260719-LINEAGE-FORECASTING-75.efetch.000000000-000000000.xml,raw/SEARCH-20260722-LINEAGE-FORECASTING-175.efetch.000000000-000000000.xml,bae7167cbe2fba0214e395c9c54f77a7ec259aa3ec53843e1b2ced83a2c75ab5
01_search/search_logs/2026-07-20-broad-discovery/wave_03_lineage_resolution/raw/SEARCH-20260719-LINEAGE-FORECASTING-75.esearch.json,raw/SEARCH-20260722-LINEAGE-FORECASTING-175.esearch.json,baaef134486be92ded4b376bc6166e9997e80eb113f6c1890241fc01bacbf4d1
01_search/search_logs/2026-07-20-broad-discovery/wave_03_lineage_resolution/raw/SEARCH-20260719-LINEAGE-FORECASTING-80.esearch.json,raw/SEARCH-20260722-LINEAGE-FORECASTING-181.esearch.json,8943878ac3a5caf57859b45db5a9362ceaf59223bca3e497d71f2d4dbdf8182d
01_search/search_logs/2026-07-20-broad-discovery/wave_03_lineage_resolution/raw/SEARCH-20260718-LINEAGE-FORECASTING-80.esearch.json,raw/SEARCH-20260722-LINEAGE-FORECASTING-182.esearch.json,70b78714c52c03d5d0efb03cbef660103f4c7489008e5382648b7149e076227e
01_search/search_logs/2026-07-20-broad-discovery/wave_03_lineage_resolution/raw/SEARCH-20260719-LINEAGE-FORECASTING-82.esearch.json,raw/SEARCH-20260722-LINEAGE-FORECASTING-184.esearch.json,add9426a72158268795475de8c1ace933de29c0a168b52e7c72c02644d038103
01_search/search_logs/2026-07-20-broad-discovery/wave_03_lineage_resolution/raw/SEARCH-20260718-LINEAGE-FORECASTING-82.efetch.000000000-000000000.xml,raw/SEARCH-20260722-LINEAGE-FORECASTING-185.efetch.000000000-000000000.xml,90093239178a16475d104dcace547eb665f4375b75d051316bfecde855bf460a
01_search/search_logs/2026-07-20-broad-discovery/wave_03_lineage_resolution/raw/SEARCH-20260718-LINEAGE-FORECASTING-82.esearch.json,raw/SEARCH-20260722-LINEAGE-FORECASTING-185.esearch.json,e33d3955f7281b8185577b519b834c838ef952703757bf6cccceccdf0830a121
01_search/search_logs/2026-07-20-broad-discovery/wave_03_lineage_resolution/raw/SEARCH-20260719-LINEAGE-FORECASTING-84.efetch.000000000-000000000.xml,raw/SEARCH-20260722-LINEAGE-FORECASTING-188.efetch.000000000-000000000.xml,ea7b1bbfa861ad7c5b4ac314021234f206c2dc45ec3921fe57e4c3e9cbe7fe07
01_search/search_logs/2026-07-20-broad-discovery/wave_03_lineage_resolution/raw/SEARCH-20260719-LINEAGE-FORECASTING-84.esearch.json,raw/SEARCH-20260722-LINEAGE-FORECASTING-188.esearch.json,04e954ef4d94c1531a8f66794474ed3a973a6ea72dc997e576d280ab07732165
01_search/search_logs/2026-07-20-broad-discovery/wave_03_lineage_resolution/raw/SEARCH-20260717-LINEAGE-FORECASTING-01.efetch.000000000-000000000.xml,raw/SEARCH-20260722-LINEAGE-FORECASTING-194.efetch.000000000-000000000.xml,a9e90466d82f8d46ae8defa7abc82584721cf0aff38e02f00cf054a3b5de092e
01_search/search_logs/2026-07-20-broad-discovery/wave_03_lineage_resolution/raw/SEARCH-20260717-LINEAGE-FORECASTING-01.esearch.json,raw/SEARCH-20260722-LINEAGE-FORECASTING-194.esearch.json,881b7bad130a3313dc9fd34ff2dc312515bd8b0308178b00cc3672f1cf2629ab
01_search/search_logs/2026-07-20-broad-discovery/wave_03_lineage_resolution/raw/SEARCH-20260719-LINEAGE-SIMULATION-02.efetch.000000000-000000000.xml,raw/SEARCH-20260722-LINEAGE-SIMULATION-36.efetch.000000000-000000000.xml,8ff6c9f7f22e9d9b8c0fa403efffc51cae2d58c828af3e3668e2bb49f2dbf461
01_search/search_logs/2026-07-20-broad-discovery/wave_03_lineage_resolution/raw/SEARCH-20260719-LINEAGE-SIMULATION-02.esearch.json,raw/SEARCH-20260722-LINEAGE-SIMULATION-36.esearch.json,870f769e5dbdb2f0f67134655cc872a879da33cd105453e4967764cbef56f71a
01_search/search_logs/2026-07-20-broad-discovery/wave_03_lineage_resolution/raw/SEARCH-20260719-LINEAGE-SIMULATION-03.efetch.000000000-000000000.xml,raw/SEARCH-20260722-LINEAGE-SIMULATION-37.efetch.000000000-000000000.xml,f286dbc342946a454414b02b3de059cc13698ba27bbb2125516fed6febaead8b
01_search/search_logs/2026-07-20-broad-discovery/wave_03_lineage_resolution/raw/SEARCH-20260719-LINEAGE-SIMULATION-03.esearch.json,raw/SEARCH-20260722-LINEAGE-SIMULATION-37.esearch.json,7282a00b83c285226eaa98e0819066733308bb75b6de07ac88bad86ab5643212
01_search/search_logs/2026-07-20-broad-discovery/wave_03_lineage_resolution/raw/SEARCH-20260719-LINEAGE-SIMULATION-06.efetch.000000000-000000000.xml,raw/SEARCH-20260722-LINEAGE-SIMULATION-40.efetch.000000000-000000000.xml,02381c5960da10f781508221801bfdf77ad24a63ab46587f1298752af424a5f6
01_search/search_logs/2026-07-20-broad-discovery/wave_03_lineage_resolution/raw/SEARCH-20260719-LINEAGE-SIMULATION-06.esearch.json,raw/SEARCH-20260722-LINEAGE-SIMULATION-40.esearch.json,63cc5c09d0e93b011320721eaf367e8f503352bdc97fe1fec3a1dd6549bf3af0
01_search/search_logs/2026-07-20-broad-discovery/wave_03_lineage_resolution/raw/SEARCH-20260719-LINEAGE-SIMULATION-07.esearch.json,raw/SEARCH-20260722-LINEAGE-SIMULATION-41.esearch.json,9c104355a4ee91838a7119a1597173f0bff68cb9657c1d7576c0f95da5f16e97
01_search/search_logs/2026-07-20-broad-discovery/wave_03_lineage_resolution/raw/SEARCH-20260718-LINEAGE-SIMULATION-07.efetch.000000000-000000000.xml,raw/SEARCH-20260722-LINEAGE-SIMULATION-42.efetch.000000000-000000000.xml,ab7c45b03d9246f19ccbad8271c1b2b8c9c3afa32bb42089923f1e332f36e209
01_search/search_logs/2026-07-20-broad-discovery/wave_03_lineage_resolution/raw/SEARCH-20260718-LINEAGE-SIMULATION-07.esearch.json,raw/SEARCH-20260722-LINEAGE-SIMULATION-42.esearch.json,a8e6e9bc6ea084ac2c8a78fb07606684a0734e23bdc1141d2be490e9cd67e2ef
01_search/search_logs/2026-07-20-broad-discovery/wave_03_lineage_resolution/raw/SEARCH-20260719-LINEAGE-SIMULATION-11.efetch.000000000-000000000.xml,raw/SEARCH-20260722-LINEAGE-SIMULATION-47.efetch.000000000-000000000.xml,4398cf1dba9fc732b8d6cf55b82e5639081ad884769e7aeca28f7c4c03fa6aab
01_search/search_logs/2026-07-20-broad-discovery/wave_03_lineage_resolution/raw/SEARCH-20260719-LINEAGE-SIMULATION-11.esearch.json,raw/SEARCH-20260722-LINEAGE-SIMULATION-47.esearch.json,8957b35063afa0a176fddb24f816fc064e7868642785766205f3b4fc1013d0d0
01_search/search_logs/2026-07-20-broad-discovery/wave_03_lineage_resolution/raw/SEARCH-20260719-LINEAGE-SIMULATION-12.efetch.000000000-000000000.xml,raw/SEARCH-20260722-LINEAGE-SIMULATION-48.efetch.000000000-000000000.xml,32e461459a958c7e83f6c656a56cf5560292dca92b71423f7dbe25cfa8a90fc0
01_search/search_logs/2026-07-20-broad-discovery/wave_03_lineage_resolution/raw/SEARCH-20260719-LINEAGE-SIMULATION-12.esearch.json,raw/SEARCH-20260722-LINEAGE-SIMULATION-48.esearch.json,eaa67c0022be6c85934afc6ac328b98bf6c263745bf5316fc89ecb348bbb2002
01_search/search_logs/2026-07-20-broad-discovery/wave_03_lineage_resolution/raw/SEARCH-20260719-LINEAGE-SIMULATION-14.efetch.000000000-000000000.xml,raw/SEARCH-20260722-LINEAGE-SIMULATION-50.efetch.000000000-000000000.xml,2db21c950fce1bacabbf7f58f16f72c1fe5c5e685470cb71c892ad7104df50eb
01_search/search_logs/2026-07-20-broad-discovery/wave_03_lineage_resolution/raw/SEARCH-20260719-LINEAGE-SIMULATION-14.esearch.json,raw/SEARCH-20260722-LINEAGE-SIMULATION-50.esearch.json,84ea7287aa7593470135d5cc632a2daa38d8c56059157e6642a6f7384fb8c741
01_search/search_logs/2026-07-20-broad-discovery/wave_03_lineage_resolution/raw/SEARCH-20260719-LINEAGE-SIMULATION-17.efetch.000000000-000000000.xml,raw/SEARCH-20260722-LINEAGE-SIMULATION-54.efetch.000000000-000000000.xml,f1d9234f97d01f4d25be915413b89642e64034a12b7972c1fa37eb3487b75bff
01_search/search_logs/2026-07-20-broad-discovery/wave_03_lineage_resolution/raw/SEARCH-20260719-LINEAGE-SIMULATION-17.esearch.json,raw/SEARCH-20260722-LINEAGE-SIMULATION-54.esearch.json,8a071fd2355bc8a676e8b7915632b70ab7969bf20e71f7b34da3413dfafad162
01_search/search_logs/2026-07-20-broad-discovery/wave_03_lineage_resolution/raw/SEARCH-20260719-LINEAGE-SIMULATION-19.efetch.000000000-000000000.xml,raw/SEARCH-20260722-LINEAGE-SIMULATION-56.efetch.000000000-000000000.xml,956904b32fbba2f93ad1264f96fabfc75668d2fc1b2e818b8e27f41814cf151f
01_search/search_logs/2026-07-20-broad-discovery/wave_03_lineage_resolution/raw/SEARCH-20260719-LINEAGE-SIMULATION-19.esearch.json,raw/SEARCH-20260722-LINEAGE-SIMULATION-56.esearch.json,0f442f4a3c914fb179a825f0f12d687cd82216815c4768aabbff6e6e98b970e5
01_search/search_logs/2026-07-20-broad-discovery/wave_03_lineage_resolution/raw/SEARCH-20260719-LINEAGE-SIMULATION-23.efetch.000000000-000000000.xml,raw/SEARCH-20260722-LINEAGE-SIMULATION-61.efetch.000000000-000000000.xml,b4c1a744a04039a1c7a307cf090ee0980d663b5d8822fa18318122cfefbacd6e
01_search/search_logs/2026-07-20-broad-discovery/wave_03_lineage_resolution/raw/SEARCH-20260719-LINEAGE-SIMULATION-23.esearch.json,raw/SEARCH-20260722-LINEAGE-SIMULATION-61.esearch.json,e14ee979e08faddaec9c2821a79c07b6a54a98f3a8305757786ec90ade7b7331
01_search/search_logs/2026-07-20-broad-discovery/wave_03_lineage_resolution/raw/SEARCH-20260719-LINEAGE-SIMULATION-25.esearch.json,raw/SEARCH-20260722-LINEAGE-SIMULATION-64.esearch.json,60eac70c27afc7ea2207b53ea22515608083720470959b6177e2772dff495572
01_search/search_logs/2026-07-20-broad-discovery/wave_03_lineage_resolution/raw/SEARCH-20260718-LINEAGE-SIMULATION-25.efetch.000000000-000000000.xml,raw/SEARCH-20260722-LINEAGE-SIMULATION-65.efetch.000000000-000000000.xml,52e7a0e3e9f53b7bbb28b60c833a39bff3b3a133b3fdbd153281d764c6949d52
01_search/search_logs/2026-07-20-broad-discovery/wave_03_lineage_resolution/raw/SEARCH-20260718-LINEAGE-SIMULATION-25.esearch.json,raw/SEARCH-20260722-LINEAGE-SIMULATION-65.esearch.json,2a0c6e4339ed8f96e2275968bb1099fc22f354095ce0ff9d3ae85f846a9f74fe
01_search/search_logs/2026-07-20-broad-discovery/wave_03_lineage_resolution/raw/SEARCH-20260719-LINEAGE-SIMULATION-27.efetch.000000000-000000000.xml,raw/SEARCH-20260722-LINEAGE-SIMULATION-67.efetch.000000000-000000000.xml,2e6833417852510e1f44536f126bfaabfc3464b25629975073f49bf77b552ff3
01_search/search_logs/2026-07-20-broad-discovery/wave_03_lineage_resolution/raw/SEARCH-20260719-LINEAGE-SIMULATION-27.esearch.json,raw/SEARCH-20260722-LINEAGE-SIMULATION-67.esearch.json,ae3294167423ff6f8f83388e454d1625ec0b71b13895c9041b202fb4c3cd3cfb
01_search/search_logs/2026-07-20-broad-discovery/wave_03_lineage_resolution/raw/SEARCH-20260719-LINEAGE-SIMULATION-28.efetch.000000000-000000000.xml,raw/SEARCH-20260722-LINEAGE-SIMULATION-68.efetch.000000000-000000000.xml,daf1cccc549ab14a910d87109059989fcc49b85e148db64431939b9d8841071f
01_search/search_logs/2026-07-20-broad-discovery/wave_03_lineage_resolution/raw/SEARCH-20260719-LINEAGE-SIMULATION-28.esearch.json,raw/SEARCH-20260722-LINEAGE-SIMULATION-68.esearch.json,2e6f5fe4f25f2c419f8ca8c0141b587dd0a30df62cff7df498ba4d3090ec3bc5
01_search/search_logs/2026-07-20-broad-discovery/wave_03_lineage_resolution/raw/SEARCH-20260719-LINEAGE-SIMULATION-31.efetch.000000000-000000000.xml,raw/SEARCH-20260722-LINEAGE-SIMULATION-71.efetch.000000000-000000000.xml,ba3da7f47518528ccb21c4e21b3a988b2395e60d4b9de27c1aa6300215b90aa3
01_search/search_logs/2026-07-20-broad-discovery/wave_03_lineage_resolution/raw/SEARCH-20260719-LINEAGE-SIMULATION-31.esearch.json,raw/SEARCH-20260722-LINEAGE-SIMULATION-71.esearch.json,ed3fd6ddcf5c6d9188aba661be69bd516b3bf0f8f92f7621a0863b52525d20de
01_search/search_logs/2026-07-20-broad-discovery/wave_03_lineage_resolution/raw/SEARCH-20260719-LINEAGE-SIMULATION-32.esearch.json,raw/SEARCH-20260722-LINEAGE-SIMULATION-72.esearch.json,aa1adb35a426ac64993c313a3054c2586dc0c66e808172a1275c51e3456fa2af
01_search/search_logs/2026-07-20-broad-discovery/wave_03_lineage_resolution/raw/SEARCH-20260718-LINEAGE-SIMULATION-32.efetch.000000000-000000000.xml,raw/SEARCH-20260722-LINEAGE-SIMULATION-73.efetch.000000000-000000000.xml,dd210ed4db5168eff964939d522ace2d1e12dc88081b83613c5ff9dbe6bcd50a
01_search/search_logs/2026-07-20-broad-discovery/wave_03_lineage_resolution/raw/SEARCH-20260718-LINEAGE-SIMULATION-32.esearch.json,raw/SEARCH-20260722-LINEAGE-SIMULATION-73.esearch.json,e23434b4cb475c590b9037d60adc711b9551ad2801737d392b7d4ad54fb83fca
01_search/search_logs/2026-07-20-broad-discovery/wave_03_lineage_resolution/raw/SEARCH-20260719-LINEAGE-SPATIAL-44.efetch.000000000-000000000.xml,raw/SEARCH-20260722-LINEAGE-SPATIAL-106.efetch.000000000-000000000.xml,3bd5789c24584df8330ad1ab1f5e9082f1b8f198f58d32c858c855d19e890554
01_search/search_logs/2026-07-20-broad-discovery/wave_03_lineage_resolution/raw/SEARCH-20260719-LINEAGE-SPATIAL-44.esearch.json,raw/SEARCH-20260722-LINEAGE-SPATIAL-106.esearch.json,bd289146f2cb7ee6b18d47bb3958db1a807a8e0451139c7a9afbff7712587c7c
01_search/search_logs/2026-07-20-broad-discovery/wave_03_lineage_resolution/raw/SEARCH-20260719-LINEAGE-SPATIAL-46.efetch.000000000-000000000.xml,raw/SEARCH-20260722-LINEAGE-SPATIAL-109.efetch.000000000-000000000.xml,ded7c6f47887b4985f3d8dfd87881bc6008c04fe6a0843ef53e2b3ff95bd9428
01_search/search_logs/2026-07-20-broad-discovery/wave_03_lineage_resolution/raw/SEARCH-20260719-LINEAGE-SPATIAL-46.esearch.json,raw/SEARCH-20260722-LINEAGE-SPATIAL-109.esearch.json,13318c21700898e866b666290d335bdad692bd3b11c28ee633d21ca2d5315db9
01_search/search_logs/2026-07-20-broad-discovery/wave_03_lineage_resolution/raw/SEARCH-20260719-LINEAGE-SPATIAL-54.efetch.000000000-000000000.xml,raw/SEARCH-20260722-LINEAGE-SPATIAL-117.efetch.000000000-000000000.xml,4e4ef91a08f66f530c7a2c5c559747a4d6ef63b5ca55c5d6d16aa297c432a07f
01_search/search_logs/2026-07-20-broad-discovery/wave_03_lineage_resolution/raw/SEARCH-20260719-LINEAGE-SPATIAL-54.esearch.json,raw/SEARCH-20260722-LINEAGE-SPATIAL-117.esearch.json,4e13d0090d3aed42f07f68e0987c7e0eb1bb8f8b3e7fb43687a10799902b1b72
01_search/search_logs/2026-07-20-broad-discovery/wave_03_lineage_resolution/raw/SEARCH-20260719-LINEAGE-SPATIAL-02.efetch.000000000-000000000.xml,raw/SEARCH-20260722-LINEAGE-SPATIAL-59.efetch.000000000-000000000.xml,9112d3c9f9731d07622f0b2df3b19be345c3e12b1a2388efb9e98168ebd89c0d
01_search/search_logs/2026-07-20-broad-discovery/wave_03_lineage_resolution/raw/SEARCH-20260719-LINEAGE-SPATIAL-02.esearch.json,raw/SEARCH-20260722-LINEAGE-SPATIAL-59.esearch.json,81e5620969084ba0f01e163e623d003589543062610a2b78ca92e6c63720df2b
01_search/search_logs/2026-07-20-broad-discovery/wave_03_lineage_resolution/raw/SEARCH-20260719-LINEAGE-SPATIAL-07.efetch.000000000-000000000.xml,raw/SEARCH-20260722-LINEAGE-SPATIAL-64.efetch.000000000-000000000.xml,2d8f27a9a878de728c76a261eee1c307409f33363ccb29b7039754f55b37e6b0
01_search/search_logs/2026-07-20-broad-discovery/wave_03_lineage_resolution/raw/SEARCH-20260719-LINEAGE-SPATIAL-07.esearch.json,raw/SEARCH-20260722-LINEAGE-SPATIAL-64.esearch.json,be1c76d3a1ed2bdceac12708f9424f042df07c93690725ddaaf467f217b2a121
01_search/search_logs/2026-07-20-broad-discovery/wave_03_lineage_resolution/raw/SEARCH-20260719-LINEAGE-SPATIAL-09.efetch.000000000-000000000.xml,raw/SEARCH-20260722-LINEAGE-SPATIAL-66.efetch.000000000-000000000.xml,cf061bac0dc52cd200601914495936eb2358ccb03f29b2b7ea44f802ccb66ba6
01_search/search_logs/2026-07-20-broad-discovery/wave_03_lineage_resolution/raw/SEARCH-20260719-LINEAGE-SPATIAL-09.esearch.json,raw/SEARCH-20260722-LINEAGE-SPATIAL-66.esearch.json,0d1547897198147acaf4f7fde7b32328742b8aa8bffcc750349be62e82079181
01_search/search_logs/2026-07-20-broad-discovery/wave_03_lineage_resolution/raw/SEARCH-20260719-LINEAGE-SPATIAL-23.efetch.000000000-000000000.xml,raw/SEARCH-20260722-LINEAGE-SPATIAL-81.efetch.000000000-000000000.xml,e32dee8edf8af52c6b183c72b381bf9f660e8d446677bb619f77c8daac7325c5
01_search/search_logs/2026-07-20-broad-discovery/wave_03_lineage_resolution/raw/SEARCH-20260719-LINEAGE-SPATIAL-23.esearch.json,raw/SEARCH-20260722-LINEAGE-SPATIAL-81.esearch.json,1b6ffa2af77c5198ad253a2d1208e459ed25db08e9e1026942558ae42ed80bc8
01_search/search_logs/2026-07-20-broad-discovery/wave_03_lineage_resolution/raw/SEARCH-20260719-LINEAGE-SPATIAL-27.efetch.000000000-000000000.xml,raw/SEARCH-20260722-LINEAGE-SPATIAL-85.efetch.000000000-000000000.xml,43f0b370a754545ee1a7154755bb07b85b92f5108549d117553e63832c36c260
01_search/search_logs/2026-07-20-broad-discovery/wave_03_lineage_resolution/raw/SEARCH-20260719-LINEAGE-SPATIAL-27.esearch.json,raw/SEARCH-20260722-LINEAGE-SPATIAL-85.esearch.json,c36d5c7a03cbb530b683585b2d4552a7fdda18faa8ec550d4a172da31c70eebf
01_search/search_logs/2026-07-20-broad-discovery/wave_03_lineage_resolution/raw/SEARCH-20260719-LINEAGE-SPATIAL-30.efetch.000000000-000000000.xml,raw/SEARCH-20260722-LINEAGE-SPATIAL-88.efetch.000000000-000000000.xml,0e0e05ac965bdadb8e80afa75be7b9fc9a9fd8abc57e9dc639ec63c8fc27775a
01_search/search_logs/2026-07-20-broad-discovery/wave_03_lineage_resolution/raw/SEARCH-20260719-LINEAGE-SPATIAL-30.esearch.json,raw/SEARCH-20260722-LINEAGE-SPATIAL-88.esearch.json,b65bc42938197892c2c7dd6ffd37cd1933584f7f734c023eb87f8b77911e4586
01_search/search_logs/2026-07-20-broad-discovery/wave_03_lineage_resolution/raw/SEARCH-20260719-LINEAGE-SPATIAL-39.efetch.000000000-000000002.xml,raw/SEARCH-20260722-LINEAGE-SPATIAL-99.efetch.000000000-000000002.xml,a7c31f1020a2cceea97bfe5a1a633498866c25f8544938fe7b0d8484841221fc
01_search/search_logs/2026-07-20-broad-discovery/wave_03_lineage_resolution/raw/SEARCH-20260719-LINEAGE-SPATIAL-39.esearch.json,raw/SEARCH-20260722-LINEAGE-SPATIAL-99.esearch.json,0b0e591406721253864c57188e5366a860a17416203305b0533badfab9f68db3
01_search/search_logs/2026-07-20-broad-discovery/wave_03_lineage_resolution/raw/SEARCH-20260719-LINEAGE-SURVEILLANCE-06.efetch.000000000-000000000.xml,raw/SEARCH-20260722-LINEAGE-SURVEILLANCE-105.efetch.000000000-000000000.xml,bd9e1d6168d2b95a9625846b3fef2d725f9d42b408edf9f22e0812a1ee3780e4
01_search/search_logs/2026-07-20-broad-discovery/wave_03_lineage_resolution/raw/SEARCH-20260719-LINEAGE-SURVEILLANCE-06.esearch.json,raw/SEARCH-20260722-LINEAGE-SURVEILLANCE-105.esearch.json,5432376976e8066a6ecd77ba5f0d51c96a1a4851a8c8b3ae6ac7b6377e1d649a
01_search/search_logs/2026-07-20-broad-discovery/wave_03_lineage_resolution/raw/SEARCH-20260719-LINEAGE-SURVEILLANCE-07.efetch.000000000-000000000.xml,raw/SEARCH-20260722-LINEAGE-SURVEILLANCE-106.efetch.000000000-000000000.xml,fcb118c4bd65e5dabbbdfa5fda99ffa993b250acffc93309ff613a7917660333
01_search/search_logs/2026-07-20-broad-discovery/wave_03_lineage_resolution/raw/SEARCH-20260719-LINEAGE-SURVEILLANCE-07.esearch.json,raw/SEARCH-20260722-LINEAGE-SURVEILLANCE-106.esearch.json,837a732f90592f2605f7d72eb98341175b14be6f7293a9f0715dda1d8d2a8600
01_search/search_logs/2026-07-20-broad-discovery/wave_03_lineage_resolution/raw/SEARCH-20260719-LINEAGE-SURVEILLANCE-11.efetch.000000000-000000000.xml,raw/SEARCH-20260722-LINEAGE-SURVEILLANCE-110.efetch.000000000-000000000.xml,d1f9b4960732fcbd3348f5f7175cf9a5011405dc768f493f20b27f6d6e5ac3d0
01_search/search_logs/2026-07-20-broad-discovery/wave_03_lineage_resolution/raw/SEARCH-20260719-LINEAGE-SURVEILLANCE-11.esearch.json,raw/SEARCH-20260722-LINEAGE-SURVEILLANCE-110.esearch.json,24a8e3f612d11e5c8efbbd8c8944982076745a6089158501568d4e7b3f08db5d
01_search/search_logs/2026-07-20-broad-discovery/wave_03_lineage_resolution/raw/SEARCH-20260719-LINEAGE-SURVEILLANCE-13.efetch.000000000-000000000.xml,raw/SEARCH-20260722-LINEAGE-SURVEILLANCE-113.efetch.000000000-000000000.xml,c01be3c776fba1908698975dd3389c40ed0046afb6a5aa6921a636723006b4e6
01_search/search_logs/2026-07-20-broad-discovery/wave_03_lineage_resolution/raw/SEARCH-20260719-LINEAGE-SURVEILLANCE-13.esearch.json,raw/SEARCH-20260722-LINEAGE-SURVEILLANCE-113.esearch.json,e87f525b63aed0b70cfaf89a023c8f6100eadc574440a5420f436b498d91422f
01_search/search_logs/2026-07-20-broad-discovery/wave_03_lineage_resolution/raw/SEARCH-20260719-LINEAGE-SURVEILLANCE-20.efetch.000000000-000000000.xml,raw/SEARCH-20260722-LINEAGE-SURVEILLANCE-121.efetch.000000000-000000000.xml,f06d22ebaf82cd0053bf46d4431eac2480661acaed1841041d858683f90e82df
01_search/search_logs/2026-07-20-broad-discovery/wave_03_lineage_resolution/raw/SEARCH-20260719-LINEAGE-SURVEILLANCE-20.esearch.json,raw/SEARCH-20260722-LINEAGE-SURVEILLANCE-121.esearch.json,3f6f2dad4636efc688c4cfc1c13c858203d05a2974fb53f91dcac2e8e067ea73
01_search/search_logs/2026-07-20-broad-discovery/wave_03_lineage_resolution/raw/SEARCH-20260719-LINEAGE-SURVEILLANCE-23.esearch.json,raw/SEARCH-20260722-LINEAGE-SURVEILLANCE-124.esearch.json,5e76368a7b627dd21d02f95a602b02404c15eada4b334cac56ff756b808f39ea
01_search/search_logs/2026-07-20-broad-discovery/wave_03_lineage_resolution/raw/SEARCH-20260718-LINEAGE-SURVEILLANCE-23.efetch.000000000-000000000.xml,raw/SEARCH-20260722-LINEAGE-SURVEILLANCE-125.efetch.000000000-000000000.xml,2c2ea829b086d80eeb67938eeb2ab7de6f7ecd36a79ab24fc6bfa9791dff45c7
01_search/search_logs/2026-07-20-broad-discovery/wave_03_lineage_resolution/raw/SEARCH-20260718-LINEAGE-SURVEILLANCE-23.esearch.json,raw/SEARCH-20260722-LINEAGE-SURVEILLANCE-125.esearch.json,952f9911aeb35968e6c61d39205fe13f18e0b857d0d8ed2f04c0246374fa848b
01_search/search_logs/2026-07-20-broad-discovery/wave_03_lineage_resolution/raw/SEARCH-20260719-LINEAGE-SURVEILLANCE-25.efetch.000000000-000000000.xml,raw/SEARCH-20260722-LINEAGE-SURVEILLANCE-127.efetch.000000000-000000000.xml,b51898b36f664888137f2aa873398e9dbb02a5ef41d78e37ce64787f9169a830
01_search/search_logs/2026-07-20-broad-discovery/wave_03_lineage_resolution/raw/SEARCH-20260719-LINEAGE-SURVEILLANCE-25.esearch.json,raw/SEARCH-20260722-LINEAGE-SURVEILLANCE-127.esearch.json,cd16671d520836779cdd7c55888e0ff00320bb770a0190bba0e8952ba3e765f1
01_search/search_logs/2026-07-20-broad-discovery/wave_03_lineage_resolution/raw/SEARCH-20260719-LINEAGE-SURVEILLANCE-26.efetch.000000000-000000000.xml,raw/SEARCH-20260722-LINEAGE-SURVEILLANCE-128.efetch.000000000-000000000.xml,5d48c2c7c61e99f479ead89db491e366c7d79623ecbbd6cfbc579a48361e8155
01_search/search_logs/2026-07-20-broad-discovery/wave_03_lineage_resolution/raw/SEARCH-20260719-LINEAGE-SURVEILLANCE-26.esearch.json,raw/SEARCH-20260722-LINEAGE-SURVEILLANCE-128.esearch.json,a95515103f09a3c124f5af056e64aa1b917ff7ebb29bef9305349ffc3ea94233
01_search/search_logs/2026-07-20-broad-discovery/wave_03_lineage_resolution/raw/SEARCH-20260719-LINEAGE-SURVEILLANCE-28.efetch.000000000-000000000.xml,raw/SEARCH-20260722-LINEAGE-SURVEILLANCE-130.efetch.000000000-000000000.xml,4a0eae79cf8d620e8276f30b3da23dc48a0d3568f83c91815d9abd9f95f64d4b
01_search/search_logs/2026-07-20-broad-discovery/wave_03_lineage_resolution/raw/SEARCH-20260719-LINEAGE-SURVEILLANCE-28.esearch.json,raw/SEARCH-20260722-LINEAGE-SURVEILLANCE-130.esearch.json,a84ae80ccb7c5dbfb733d86583e57e193813585db09d94383202dd5867a9acf4
01_search/search_logs/2026-07-20-broad-discovery/wave_03_lineage_resolution/raw/SEARCH-20260719-LINEAGE-SURVEILLANCE-41.esearch.json,raw/SEARCH-20260722-LINEAGE-SURVEILLANCE-147.esearch.json,41271ef7a63d102c27d9180c0dd4d0d998ac294ed5f345824fcf9620dd7596de
01_search/search_logs/2026-07-20-broad-discovery/wave_03_lineage_resolution/raw/SEARCH-20260718-LINEAGE-SURVEILLANCE-41.efetch.000000000-000000000.xml,raw/SEARCH-20260722-LINEAGE-SURVEILLANCE-148.efetch.000000000-000000000.xml,482b779e6db7a4346dd083c7bbecd895575cca36889f7e068d4b4273989025b0
01_search/search_logs/2026-07-20-broad-discovery/wave_03_lineage_resolution/raw/SEARCH-20260718-LINEAGE-SURVEILLANCE-41.esearch.json,raw/SEARCH-20260722-LINEAGE-SURVEILLANCE-148.esearch.json,b9a41bccc3f36d45aaa63ebfeb81e649fa4cb8477c29e4f96e1aab7be7d85948
01_search/search_logs/2026-07-20-broad-discovery/wave_03_lineage_resolution/raw/SEARCH-20260719-LINEAGE-SURVEILLANCE-66.efetch.000000000-000000000.xml,raw/SEARCH-20260722-LINEAGE-SURVEILLANCE-175.efetch.000000000-000000000.xml,b53c331aba8ce38944f8a79f2f1c53ff48d4beb576d09690d338c1ed221741f7
01_search/search_logs/2026-07-20-broad-discovery/wave_03_lineage_resolution/raw/SEARCH-20260719-LINEAGE-SURVEILLANCE-66.esearch.json,raw/SEARCH-20260722-LINEAGE-SURVEILLANCE-175.esearch.json,9961f30fa4da0eedf4cd91ef3fa4724ef1656e004e9843da4a0e9d4b7781d097
01_search/search_logs/2026-07-20-broad-discovery/wave_03_lineage_resolution/raw/SEARCH-20260719-LINEAGE-SURVEILLANCE-83.efetch.000000000-000000000.xml,raw/SEARCH-20260722-LINEAGE-SURVEILLANCE-194.efetch.000000000-000000000.xml,82a962764180de486c7408fa5999b4025b960bb4d26051e91d4fdcea51954c9b
01_search/search_logs/2026-07-20-broad-discovery/wave_03_lineage_resolution/raw/SEARCH-20260719-LINEAGE-SURVEILLANCE-83.esearch.json,raw/SEARCH-20260722-LINEAGE-SURVEILLANCE-194.esearch.json,a396e9b5f901e681ccbfe958e4e392a6a0881d0bff1de111487e8cf411784b29
